[0.087s] DEBUG:colcon:Command line arguments: ['/usr/bin/colcon', 'build']
[0.087s] DEBUG:colcon:Parsed command line arguments: Namespace(log_base=None, log_level=None, verb_name='build', build_base='build', install_base='install', merge_install=False, symlink_install=False, test_result_base=None, continue_on_error=False, executor='parallel', parallel_workers=16, event_handlers=None, ignore_user_meta=False, metas=['./colcon.meta'], base_paths=['.'], packages_ignore=None, packages_ignore_regex=None, paths=None, packages_up_to=None, packages_up_to_regex=None, packages_above=None, packages_above_and_dependencies=None, packages_above_depth=None, packages_select_by_dep=None, packages_skip_by_dep=None, packages_skip_up_to=None, packages_select_build_failed=False, packages_skip_build_finished=False, packages_select_test_failures=False, packages_skip_test_passed=False, packages_select=None, packages_skip=None, packages_select_regex=None, packages_skip_regex=None, packages_start=None, packages_end=None, allow_overriding=[], cmake_args=None, cmake_target=None, cmake_target_skip_unavailable=False, cmake_clean_cache=False, cmake_clean_first=False, cmake_force_configure=False, ament_cmake_args=None, catkin_cmake_args=None, catkin_skip_building_tests=False, mixin_files=None, mixin=None, verb_parser=<colcon_mixin.mixin.mixin_argument.MixinArgumentDecorator object at 0x74c2ea97e2f0>, verb_extension=<colcon_core.verb.build.BuildVerb object at 0x74c2ea97dd20>, main=<bound method BuildVerb.main of <colcon_core.verb.build.BuildVerb object at 0x74c2ea97dd20>>, mixin_verb=('build',))
[0.230s] Level 1:colcon.colcon_core.package_discovery:discover_packages(colcon_meta) check parameters
[0.230s] Level 1:colcon.colcon_core.package_discovery:discover_packages(recursive) check parameters
[0.230s] Level 1:colcon.colcon_core.package_discovery:discover_packages(ignore) check parameters
[0.230s] Level 1:colcon.colcon_core.package_discovery:discover_packages(path) check parameters
[0.230s] Level 1:colcon.colcon_core.package_discovery:discover_packages(colcon_meta) discover
[0.230s] Level 1:colcon.colcon_core.package_discovery:discover_packages(recursive) discover
[0.230s] INFO:colcon.colcon_core.package_discovery:Crawling recursively for packages in '/home/maikelborys/assignment_ws/src/robotics_software_engineer'
[0.230s] Level 1:colcon.colcon_core.package_identification:_identify(.) by extensions ['ignore', 'ignore_ament_install']
[0.230s] Level 1:colcon.colcon_core.package_identification:_identify(.) by extension 'ignore'
[0.230s] Level 1:colcon.colcon_core.package_identification:_identify(.) by extension 'ignore_ament_install'
[0.230s] Level 1:colcon.colcon_core.package_identification:_identify(.) by extensions ['colcon_pkg']
[0.230s] Level 1:colcon.colcon_core.package_identification:_identify(.) by extension 'colcon_pkg'
[0.230s] Level 1:colcon.colcon_core.package_identification:_identify(.) by extensions ['colcon_meta']
[0.230s] Level 1:colcon.colcon_core.package_identification:_identify(.) by extension 'colcon_meta'
[0.230s] Level 1:colcon.colcon_core.package_identification:_identify(.) by extensions ['ros']
[0.230s] Level 1:colcon.colcon_core.package_identification:_identify(.) by extension 'ros'
[0.239s] Level 1:colcon.colcon_core.package_identification:_identify(.) by extensions ['cmake', 'python']
[0.239s] Level 1:colcon.colcon_core.package_identification:_identify(.) by extension 'cmake'
[0.239s] Level 1:colcon.colcon_core.package_identification:_identify(.) by extension 'python'
[0.239s] Level 1:colcon.colcon_core.package_identification:_identify(.) by extensions ['python_setup_py']
[0.239s] Level 1:colcon.colcon_core.package_identification:_identify(.) by extension 'python_setup_py'
[0.239s] Level 1:colcon.colcon_core.package_identification:_identify(build) by extensions ['ignore', 'ignore_ament_install']
[0.239s] Level 1:colcon.colcon_core.package_identification:_identify(build) by extension 'ignore'
[0.239s] Level 1:colcon.colcon_core.package_identification:_identify(build) ignored
[0.239s] Level 1:colcon.colcon_core.package_identification:_identify(install) by extensions ['ignore', 'ignore_ament_install']
[0.239s] Level 1:colcon.colcon_core.package_identification:_identify(install) by extension 'ignore'
[0.239s] Level 1:colcon.colcon_core.package_identification:_identify(install) ignored
[0.239s] Level 1:colcon.colcon_core.package_identification:_identify(log) by extensions ['ignore', 'ignore_ament_install']
[0.239s] Level 1:colcon.colcon_core.package_identification:_identify(log) by extension 'ignore'
[0.239s] Level 1:colcon.colcon_core.package_identification:_identify(log) ignored
[0.239s] Level 1:colcon.colcon_core.package_identification:_identify(module_1_assignment) by extensions ['ignore', 'ignore_ament_install']
[0.240s] Level 1:colcon.colcon_core.package_identification:_identify(module_1_assignment) by extension 'ignore'
[0.240s] Level 1:colcon.colcon_core.package_identification:_identify(module_1_assignment) by extension 'ignore_ament_install'
[0.240s] Level 1:colcon.colcon_core.package_identification:_identify(module_1_assignment) by extensions ['colcon_pkg']
[0.240s] Level 1:colcon.colcon_core.package_identification:_identify(module_1_assignment) by extension 'colcon_pkg'
[0.240s] Level 1:colcon.colcon_core.package_identification:_identify(module_1_assignment) by extensions ['colcon_meta']
[0.240s] Level 1:colcon.colcon_core.package_identification:_identify(module_1_assignment) by extension 'colcon_meta'
[0.240s] Level 1:colcon.colcon_core.package_identification:_identify(module_1_assignment) by extensions ['ros']
[0.240s] Level 1:colcon.colcon_core.package_identification:_identify(module_1_assignment) by extension 'ros'
[0.241s] DEBUG:colcon.colcon_core.package_identification:Package 'module_1_assignment' with type 'ros.ament_cmake' and name 'module_1_assignment'
[0.242s] Level 1:colcon.colcon_core.package_identification:_identify(module_2_assignment) by extensions ['ignore', 'ignore_ament_install']
[0.242s] Level 1:colcon.colcon_core.package_identification:_identify(module_2_assignment) by extension 'ignore'
[0.242s] Level 1:colcon.colcon_core.package_identification:_identify(module_2_assignment) by extension 'ignore_ament_install'
[0.242s] Level 1:colcon.colcon_core.package_identification:_identify(module_2_assignment) by extensions ['colcon_pkg']
[0.242s] Level 1:colcon.colcon_core.package_identification:_identify(module_2_assignment) by extension 'colcon_pkg'
[0.242s] Level 1:colcon.colcon_core.package_identification:_identify(module_2_assignment) by extensions ['colcon_meta']
[0.242s] Level 1:colcon.colcon_core.package_identification:_identify(module_2_assignment) by extension 'colcon_meta'
[0.242s] Level 1:colcon.colcon_core.package_identification:_identify(module_2_assignment) by extensions ['ros']
[0.242s] Level 1:colcon.colcon_core.package_identification:_identify(module_2_assignment) by extension 'ros'
[0.242s] DEBUG:colcon.colcon_core.package_identification:Package 'module_2_assignment' with type 'ros.ament_cmake' and name 'module_2_assignment'
[0.242s] Level 1:colcon.colcon_core.package_identification:_identify(module_3_assignment) by extensions ['ignore', 'ignore_ament_install']
[0.242s] Level 1:colcon.colcon_core.package_identification:_identify(module_3_assignment) by extension 'ignore'
[0.242s] Level 1:colcon.colcon_core.package_identification:_identify(module_3_assignment) by extension 'ignore_ament_install'
[0.242s] Level 1:colcon.colcon_core.package_identification:_identify(module_3_assignment) by extensions ['colcon_pkg']
[0.242s] Level 1:colcon.colcon_core.package_identification:_identify(module_3_assignment) by extension 'colcon_pkg'
[0.242s] Level 1:colcon.colcon_core.package_identification:_identify(module_3_assignment) by extensions ['colcon_meta']
[0.242s] Level 1:colcon.colcon_core.package_identification:_identify(module_3_assignment) by extension 'colcon_meta'
[0.242s] Level 1:colcon.colcon_core.package_identification:_identify(module_3_assignment) by extensions ['ros']
[0.242s] Level 1:colcon.colcon_core.package_identification:_identify(module_3_assignment) by extension 'ros'
[0.244s] DEBUG:colcon.colcon_core.package_identification:Package 'module_3_assignment' with type 'ros.ament_cmake' and name 'module_3_assignment'
[0.244s] Level 1:colcon.colcon_core.package_identification:_identify(module_4_assignment) by extensions ['ignore', 'ignore_ament_install']
[0.244s] Level 1:colcon.colcon_core.package_identification:_identify(module_4_assignment) by extension 'ignore'
[0.244s] Level 1:colcon.colcon_core.package_identification:_identify(module_4_assignment) by extension 'ignore_ament_install'
[0.244s] Level 1:colcon.colcon_core.package_identification:_identify(module_4_assignment) by extensions ['colcon_pkg']
[0.244s] Level 1:colcon.colcon_core.package_identification:_identify(module_4_assignment) by extension 'colcon_pkg'
[0.244s] Level 1:colcon.colcon_core.package_identification:_identify(module_4_assignment) by extensions ['colcon_meta']
[0.244s] Level 1:colcon.colcon_core.package_identification:_identify(module_4_assignment) by extension 'colcon_meta'
[0.244s] Level 1:colcon.colcon_core.package_identification:_identify(module_4_assignment) by extensions ['ros']
[0.244s] Level 1:colcon.colcon_core.package_identification:_identify(module_4_assignment) by extension 'ros'
[0.245s] DEBUG:colcon.colcon_core.package_identification:Package 'module_4_assignment' with type 'ros.ament_cmake' and name 'module_4_assignment'
[0.245s] Level 1:colcon.colcon_core.package_identification:_identify(module_5_assignment) by extensions ['ignore', 'ignore_ament_install']
[0.245s] Level 1:colcon.colcon_core.package_identification:_identify(module_5_assignment) by extension 'ignore'
[0.245s] Level 1:colcon.colcon_core.package_identification:_identify(module_5_assignment) by extension 'ignore_ament_install'
[0.245s] Level 1:colcon.colcon_core.package_identification:_identify(module_5_assignment) by extensions ['colcon_pkg']
[0.245s] Level 1:colcon.colcon_core.package_identification:_identify(module_5_assignment) by extension 'colcon_pkg'
[0.245s] Level 1:colcon.colcon_core.package_identification:_identify(module_5_assignment) by extensions ['colcon_meta']
[0.245s] Level 1:colcon.colcon_core.package_identification:_identify(module_5_assignment) by extension 'colcon_meta'
[0.245s] Level 1:colcon.colcon_core.package_identification:_identify(module_5_assignment) by extensions ['ros']
[0.245s] Level 1:colcon.colcon_core.package_identification:_identify(module_5_assignment) by extension 'ros'
[0.245s] DEBUG:colcon.colcon_core.package_identification:Package 'module_5_assignment' with type 'ros.ament_cmake' and name 'module_5_assignment'
[0.245s] Level 1:colcon.colcon_core.package_identification:_identify(module_6_assignment) by extensions ['ignore', 'ignore_ament_install']
[0.245s] Level 1:colcon.colcon_core.package_identification:_identify(module_6_assignment) by extension 'ignore'
[0.245s] Level 1:colcon.colcon_core.package_identification:_identify(module_6_assignment) by extension 'ignore_ament_install'
[0.245s] Level 1:colcon.colcon_core.package_identification:_identify(module_6_assignment) by extensions ['colcon_pkg']
[0.246s] Level 1:colcon.colcon_core.package_identification:_identify(module_6_assignment) by extension 'colcon_pkg'
[0.246s] Level 1:colcon.colcon_core.package_identification:_identify(module_6_assignment) by extensions ['colcon_meta']
[0.246s] Level 1:colcon.colcon_core.package_identification:_identify(module_6_assignment) by extension 'colcon_meta'
[0.246s] Level 1:colcon.colcon_core.package_identification:_identify(module_6_assignment) by extensions ['ros']
[0.246s] Level 1:colcon.colcon_core.package_identification:_identify(module_6_assignment) by extension 'ros'
[0.246s] DEBUG:colcon.colcon_core.package_identification:Package 'module_6_assignment' with type 'ros.ament_cmake' and name 'module_6_assignment'
[0.246s] Level 1:colcon.colcon_core.package_identification:_identify(module_7_assignment) by extensions ['ignore', 'ignore_ament_install']
[0.246s] Level 1:colcon.colcon_core.package_identification:_identify(module_7_assignment) by extension 'ignore'
[0.246s] Level 1:colcon.colcon_core.package_identification:_identify(module_7_assignment) by extension 'ignore_ament_install'
[0.246s] Level 1:colcon.colcon_core.package_identification:_identify(module_7_assignment) by extensions ['colcon_pkg']
[0.246s] Level 1:colcon.colcon_core.package_identification:_identify(module_7_assignment) by extension 'colcon_pkg'
[0.246s] Level 1:colcon.colcon_core.package_identification:_identify(module_7_assignment) by extensions ['colcon_meta']
[0.246s] Level 1:colcon.colcon_core.package_identification:_identify(module_7_assignment) by extension 'colcon_meta'
[0.246s] Level 1:colcon.colcon_core.package_identification:_identify(module_7_assignment) by extensions ['ros']
[0.246s] Level 1:colcon.colcon_core.package_identification:_identify(module_7_assignment) by extension 'ros'
[0.247s] DEBUG:colcon.colcon_core.package_identification:Package 'module_7_assignment' with type 'ros.ament_cmake' and name 'module_7_assignment'
[0.247s] Level 1:colcon.colcon_core.package_identification:_identify(module_8_assignment) by extensions ['ignore', 'ignore_ament_install']
[0.247s] Level 1:colcon.colcon_core.package_identification:_identify(module_8_assignment) by extension 'ignore'
[0.247s] Level 1:colcon.colcon_core.package_identification:_identify(module_8_assignment) by extension 'ignore_ament_install'
[0.247s] Level 1:colcon.colcon_core.package_identification:_identify(module_8_assignment) by extensions ['colcon_pkg']
[0.247s] Level 1:colcon.colcon_core.package_identification:_identify(module_8_assignment) by extension 'colcon_pkg'
[0.247s] Level 1:colcon.colcon_core.package_identification:_identify(module_8_assignment) by extensions ['colcon_meta']
[0.247s] Level 1:colcon.colcon_core.package_identification:_identify(module_8_assignment) by extension 'colcon_meta'
[0.247s] Level 1:colcon.colcon_core.package_identification:_identify(module_8_assignment) by extensions ['ros']
[0.247s] Level 1:colcon.colcon_core.package_identification:_identify(module_8_assignment) by extension 'ros'
[0.247s] DEBUG:colcon.colcon_core.package_identification:Package 'module_8_assignment' with type 'ros.ament_cmake' and name 'module_8_assignment'
[0.247s] Level 1:colcon.colcon_core.package_discovery:discover_packages(recursive) using defaults
[0.247s] Level 1:colcon.colcon_core.package_discovery:discover_packages(ignore) discover
[0.247s] Level 1:colcon.colcon_core.package_discovery:discover_packages(ignore) using defaults
[0.247s] Level 1:colcon.colcon_core.package_discovery:discover_packages(path) discover
[0.247s] Level 1:colcon.colcon_core.package_discovery:discover_packages(path) using defaults
[0.273s] Level 1:colcon.colcon_core.package_discovery:discover_packages(prefix_path) check parameters
[0.273s] Level 1:colcon.colcon_core.package_discovery:discover_packages(prefix_path) discover
[0.273s] WARNING:colcon.colcon_ros.prefix_path.ament:The path '/home/maikelborys/assignment_ws/src/robotics_software_engineer/install/module_3_assignment' in the environment variable AMENT_PREFIX_PATH doesn't exist
[0.273s] WARNING:colcon.colcon_ros.prefix_path.catkin:The path '/home/maikelborys/assignment_ws/src/robotics_software_engineer/install/module_3_assignment' in the environment variable CMAKE_PREFIX_PATH doesn't exist
[0.274s] DEBUG:colcon.colcon_installed_package_information.package_discovery:Found 1 installed packages in /home/maikelborys/assignment_ws/src/robotics_software_engineer/install
[0.274s] DEBUG:colcon.colcon_installed_package_information.package_discovery:Found 1 installed packages in /home/maikelborys/ros2_ws/install
[0.276s] DEBUG:colcon.colcon_installed_package_information.package_discovery:Found 332 installed packages in /opt/ros/humble
[0.277s] Level 1:colcon.colcon_core.package_discovery:discover_packages(prefix_path) using defaults
[0.312s] Level 5:colcon.colcon_core.verb:set package 'module_1_assignment' build argument 'cmake_args' from command line to 'None'
[0.312s] Level 5:colcon.colcon_core.verb:set package 'module_1_assignment' build argument 'cmake_target' from command line to 'None'
[0.312s] Level 5:colcon.colcon_core.verb:set package 'module_1_assignment' build argument 'cmake_target_skip_unavailable' from command line to 'False'
[0.312s] Level 5:colcon.colcon_core.verb:set package 'module_1_assignment' build argument 'cmake_clean_cache' from command line to 'False'
[0.312s] Level 5:colcon.colcon_core.verb:set package 'module_1_assignment' build argument 'cmake_clean_first' from command line to 'False'
[0.312s] Level 5:colcon.colcon_core.verb:set package 'module_1_assignment' build argument 'cmake_force_configure' from command line to 'False'
[0.312s] Level 5:colcon.colcon_core.verb:set package 'module_1_assignment' build argument 'ament_cmake_args' from command line to 'None'
[0.312s] Level 5:colcon.colcon_core.verb:set package 'module_1_assignment' build argument 'catkin_cmake_args' from command line to 'None'
[0.312s] Level 5:colcon.colcon_core.verb:set package 'module_1_assignment' build argument 'catkin_skip_building_tests' from command line to 'False'
[0.312s] DEBUG:colcon.colcon_core.verb:Building package 'module_1_assignment' with the following arguments: {'ament_cmake_args': None, 'build_base': '/home/maikelborys/assignment_ws/src/robotics_software_engineer/build/module_1_assignment', 'catkin_cmake_args': None, 'catkin_skip_building_tests': False, 'cmake_args': None, 'cmake_clean_cache': False, 'cmake_clean_first': False, 'cmake_force_configure': False, 'cmake_target': None, 'cmake_target_skip_unavailable': False, 'install_base': '/home/maikelborys/assignment_ws/src/robotics_software_engineer/install/module_1_assignment', 'merge_install': False, 'path': '/home/maikelborys/assignment_ws/src/robotics_software_engineer/module_1_assignment', 'symlink_install': False, 'test_result_base': None}
[0.312s] Level 5:colcon.colcon_core.verb:set package 'module_2_assignment' build argument 'cmake_args' from command line to 'None'
[0.312s] Level 5:colcon.colcon_core.verb:set package 'module_2_assignment' build argument 'cmake_target' from command line to 'None'
[0.312s] Level 5:colcon.colcon_core.verb:set package 'module_2_assignment' build argument 'cmake_target_skip_unavailable' from command line to 'False'
[0.312s] Level 5:colcon.colcon_core.verb:set package 'module_2_assignment' build argument 'cmake_clean_cache' from command line to 'False'
[0.312s] Level 5:colcon.colcon_core.verb:set package 'module_2_assignment' build argument 'cmake_clean_first' from command line to 'False'
[0.312s] Level 5:colcon.colcon_core.verb:set package 'module_2_assignment' build argument 'cmake_force_configure' from command line to 'False'
[0.312s] Level 5:colcon.colcon_core.verb:set package 'module_2_assignment' build argument 'ament_cmake_args' from command line to 'None'
[0.312s] Level 5:colcon.colcon_core.verb:set package 'module_2_assignment' build argument 'catkin_cmake_args' from command line to 'None'
[0.312s] Level 5:colcon.colcon_core.verb:set package 'module_2_assignment' build argument 'catkin_skip_building_tests' from command line to 'False'
[0.312s] DEBUG:colcon.colcon_core.verb:Building package 'module_2_assignment' with the following arguments: {'ament_cmake_args': None, 'build_base': '/home/maikelborys/assignment_ws/src/robotics_software_engineer/build/module_2_assignment', 'catkin_cmake_args': None, 'catkin_skip_building_tests': False, 'cmake_args': None, 'cmake_clean_cache': False, 'cmake_clean_first': False, 'cmake_force_configure': False, 'cmake_target': None, 'cmake_target_skip_unavailable': False, 'install_base': '/home/maikelborys/assignment_ws/src/robotics_software_engineer/install/module_2_assignment', 'merge_install': False, 'path': '/home/maikelborys/assignment_ws/src/robotics_software_engineer/module_2_assignment', 'symlink_install': False, 'test_result_base': None}
[0.313s] Level 5:colcon.colcon_core.verb:set package 'module_3_assignment' build argument 'cmake_args' from command line to 'None'
[0.313s] Level 5:colcon.colcon_core.verb:set package 'module_3_assignment' build argument 'cmake_target' from command line to 'None'
[0.313s] Level 5:colcon.colcon_core.verb:set package 'module_3_assignment' build argument 'cmake_target_skip_unavailable' from command line to 'False'
[0.313s] Level 5:colcon.colcon_core.verb:set package 'module_3_assignment' build argument 'cmake_clean_cache' from command line to 'False'
[0.313s] Level 5:colcon.colcon_core.verb:set package 'module_3_assignment' build argument 'cmake_clean_first' from command line to 'False'
[0.313s] Level 5:colcon.colcon_core.verb:set package 'module_3_assignment' build argument 'cmake_force_configure' from command line to 'False'
[0.313s] Level 5:colcon.colcon_core.verb:set package 'module_3_assignment' build argument 'ament_cmake_args' from command line to 'None'
[0.313s] Level 5:colcon.colcon_core.verb:set package 'module_3_assignment' build argument 'catkin_cmake_args' from command line to 'None'
[0.313s] Level 5:colcon.colcon_core.verb:set package 'module_3_assignment' build argument 'catkin_skip_building_tests' from command line to 'False'
[0.313s] DEBUG:colcon.colcon_core.verb:Building package 'module_3_assignment' with the following arguments: {'ament_cmake_args': None, 'build_base': '/home/maikelborys/assignment_ws/src/robotics_software_engineer/build/module_3_assignment', 'catkin_cmake_args': None, 'catkin_skip_building_tests': False, 'cmake_args': None, 'cmake_clean_cache': False, 'cmake_clean_first': False, 'cmake_force_configure': False, 'cmake_target': None, 'cmake_target_skip_unavailable': False, 'install_base': '/home/maikelborys/assignment_ws/src/robotics_software_engineer/install/module_3_assignment', 'merge_install': False, 'path': '/home/maikelborys/assignment_ws/src/robotics_software_engineer/module_3_assignment', 'symlink_install': False, 'test_result_base': None}
[0.313s] Level 5:colcon.colcon_core.verb:set package 'module_4_assignment' build argument 'cmake_args' from command line to 'None'
[0.313s] Level 5:colcon.colcon_core.verb:set package 'module_4_assignment' build argument 'cmake_target' from command line to 'None'
[0.313s] Level 5:colcon.colcon_core.verb:set package 'module_4_assignment' build argument 'cmake_target_skip_unavailable' from command line to 'False'
[0.313s] Level 5:colcon.colcon_core.verb:set package 'module_4_assignment' build argument 'cmake_clean_cache' from command line to 'False'
[0.313s] Level 5:colcon.colcon_core.verb:set package 'module_4_assignment' build argument 'cmake_clean_first' from command line to 'False'
[0.313s] Level 5:colcon.colcon_core.verb:set package 'module_4_assignment' build argument 'cmake_force_configure' from command line to 'False'
[0.313s] Level 5:colcon.colcon_core.verb:set package 'module_4_assignment' build argument 'ament_cmake_args' from command line to 'None'
[0.313s] Level 5:colcon.colcon_core.verb:set package 'module_4_assignment' build argument 'catkin_cmake_args' from command line to 'None'
[0.313s] Level 5:colcon.colcon_core.verb:set package 'module_4_assignment' build argument 'catkin_skip_building_tests' from command line to 'False'
[0.313s] DEBUG:colcon.colcon_core.verb:Building package 'module_4_assignment' with the following arguments: {'ament_cmake_args': None, 'build_base': '/home/maikelborys/assignment_ws/src/robotics_software_engineer/build/module_4_assignment', 'catkin_cmake_args': None, 'catkin_skip_building_tests': False, 'cmake_args': None, 'cmake_clean_cache': False, 'cmake_clean_first': False, 'cmake_force_configure': False, 'cmake_target': None, 'cmake_target_skip_unavailable': False, 'install_base': '/home/maikelborys/assignment_ws/src/robotics_software_engineer/install/module_4_assignment', 'merge_install': False, 'path': '/home/maikelborys/assignment_ws/src/robotics_software_engineer/module_4_assignment', 'symlink_install': False, 'test_result_base': None}
[0.314s] Level 5:colcon.colcon_core.verb:set package 'module_5_assignment' build argument 'cmake_args' from command line to 'None'
[0.314s] Level 5:colcon.colcon_core.verb:set package 'module_5_assignment' build argument 'cmake_target' from command line to 'None'
[0.314s] Level 5:colcon.colcon_core.verb:set package 'module_5_assignment' build argument 'cmake_target_skip_unavailable' from command line to 'False'
[0.314s] Level 5:colcon.colcon_core.verb:set package 'module_5_assignment' build argument 'cmake_clean_cache' from command line to 'False'
[0.314s] Level 5:colcon.colcon_core.verb:set package 'module_5_assignment' build argument 'cmake_clean_first' from command line to 'False'
[0.314s] Level 5:colcon.colcon_core.verb:set package 'module_5_assignment' build argument 'cmake_force_configure' from command line to 'False'
[0.314s] Level 5:colcon.colcon_core.verb:set package 'module_5_assignment' build argument 'ament_cmake_args' from command line to 'None'
[0.314s] Level 5:colcon.colcon_core.verb:set package 'module_5_assignment' build argument 'catkin_cmake_args' from command line to 'None'
[0.314s] Level 5:colcon.colcon_core.verb:set package 'module_5_assignment' build argument 'catkin_skip_building_tests' from command line to 'False'
[0.314s] DEBUG:colcon.colcon_core.verb:Building package 'module_5_assignment' with the following arguments: {'ament_cmake_args': None, 'build_base': '/home/maikelborys/assignment_ws/src/robotics_software_engineer/build/module_5_assignment', 'catkin_cmake_args': None, 'catkin_skip_building_tests': False, 'cmake_args': None, 'cmake_clean_cache': False, 'cmake_clean_first': False, 'cmake_force_configure': False, 'cmake_target': None, 'cmake_target_skip_unavailable': False, 'install_base': '/home/maikelborys/assignment_ws/src/robotics_software_engineer/install/module_5_assignment', 'merge_install': False, 'path': '/home/maikelborys/assignment_ws/src/robotics_software_engineer/module_5_assignment', 'symlink_install': False, 'test_result_base': None}
[0.314s] Level 5:colcon.colcon_core.verb:set package 'module_6_assignment' build argument 'cmake_args' from command line to 'None'
[0.314s] Level 5:colcon.colcon_core.verb:set package 'module_6_assignment' build argument 'cmake_target' from command line to 'None'
[0.314s] Level 5:colcon.colcon_core.verb:set package 'module_6_assignment' build argument 'cmake_target_skip_unavailable' from command line to 'False'
[0.314s] Level 5:colcon.colcon_core.verb:set package 'module_6_assignment' build argument 'cmake_clean_cache' from command line to 'False'
[0.314s] Level 5:colcon.colcon_core.verb:set package 'module_6_assignment' build argument 'cmake_clean_first' from command line to 'False'
[0.314s] Level 5:colcon.colcon_core.verb:set package 'module_6_assignment' build argument 'cmake_force_configure' from command line to 'False'
[0.314s] Level 5:colcon.colcon_core.verb:set package 'module_6_assignment' build argument 'ament_cmake_args' from command line to 'None'
[0.314s] Level 5:colcon.colcon_core.verb:set package 'module_6_assignment' build argument 'catkin_cmake_args' from command line to 'None'
[0.314s] Level 5:colcon.colcon_core.verb:set package 'module_6_assignment' build argument 'catkin_skip_building_tests' from command line to 'False'
[0.314s] DEBUG:colcon.colcon_core.verb:Building package 'module_6_assignment' with the following arguments: {'ament_cmake_args': None, 'build_base': '/home/maikelborys/assignment_ws/src/robotics_software_engineer/build/module_6_assignment', 'catkin_cmake_args': None, 'catkin_skip_building_tests': False, 'cmake_args': None, 'cmake_clean_cache': False, 'cmake_clean_first': False, 'cmake_force_configure': False, 'cmake_target': None, 'cmake_target_skip_unavailable': False, 'install_base': '/home/maikelborys/assignment_ws/src/robotics_software_engineer/install/module_6_assignment', 'merge_install': False, 'path': '/home/maikelborys/assignment_ws/src/robotics_software_engineer/module_6_assignment', 'symlink_install': False, 'test_result_base': None}
[0.314s] Level 5:colcon.colcon_core.verb:set package 'module_7_assignment' build argument 'cmake_args' from command line to 'None'
[0.314s] Level 5:colcon.colcon_core.verb:set package 'module_7_assignment' build argument 'cmake_target' from command line to 'None'
[0.314s] Level 5:colcon.colcon_core.verb:set package 'module_7_assignment' build argument 'cmake_target_skip_unavailable' from command line to 'False'
[0.314s] Level 5:colcon.colcon_core.verb:set package 'module_7_assignment' build argument 'cmake_clean_cache' from command line to 'False'
[0.314s] Level 5:colcon.colcon_core.verb:set package 'module_7_assignment' build argument 'cmake_clean_first' from command line to 'False'
[0.315s] Level 5:colcon.colcon_core.verb:set package 'module_7_assignment' build argument 'cmake_force_configure' from command line to 'False'
[0.315s] Level 5:colcon.colcon_core.verb:set package 'module_7_assignment' build argument 'ament_cmake_args' from command line to 'None'
[0.315s] Level 5:colcon.colcon_core.verb:set package 'module_7_assignment' build argument 'catkin_cmake_args' from command line to 'None'
[0.315s] Level 5:colcon.colcon_core.verb:set package 'module_7_assignment' build argument 'catkin_skip_building_tests' from command line to 'False'
[0.315s] DEBUG:colcon.colcon_core.verb:Building package 'module_7_assignment' with the following arguments: {'ament_cmake_args': None, 'build_base': '/home/maikelborys/assignment_ws/src/robotics_software_engineer/build/module_7_assignment', 'catkin_cmake_args': None, 'catkin_skip_building_tests': False, 'cmake_args': None, 'cmake_clean_cache': False, 'cmake_clean_first': False, 'cmake_force_configure': False, 'cmake_target': None, 'cmake_target_skip_unavailable': False, 'install_base': '/home/maikelborys/assignment_ws/src/robotics_software_engineer/install/module_7_assignment', 'merge_install': False, 'path': '/home/maikelborys/assignment_ws/src/robotics_software_engineer/module_7_assignment', 'symlink_install': False, 'test_result_base': None}
[0.315s] Level 5:colcon.colcon_core.verb:set package 'module_8_assignment' build argument 'cmake_args' from command line to 'None'
[0.315s] Level 5:colcon.colcon_core.verb:set package 'module_8_assignment' build argument 'cmake_target' from command line to 'None'
[0.315s] Level 5:colcon.colcon_core.verb:set package 'module_8_assignment' build argument 'cmake_target_skip_unavailable' from command line to 'False'
[0.315s] Level 5:colcon.colcon_core.verb:set package 'module_8_assignment' build argument 'cmake_clean_cache' from command line to 'False'
[0.315s] Level 5:colcon.colcon_core.verb:set package 'module_8_assignment' build argument 'cmake_clean_first' from command line to 'False'
[0.315s] Level 5:colcon.colcon_core.verb:set package 'module_8_assignment' build argument 'cmake_force_configure' from command line to 'False'
[0.315s] Level 5:colcon.colcon_core.verb:set package 'module_8_assignment' build argument 'ament_cmake_args' from command line to 'None'
[0.315s] Level 5:colcon.colcon_core.verb:set package 'module_8_assignment' build argument 'catkin_cmake_args' from command line to 'None'
[0.315s] Level 5:colcon.colcon_core.verb:set package 'module_8_assignment' build argument 'catkin_skip_building_tests' from command line to 'False'
[0.315s] DEBUG:colcon.colcon_core.verb:Building package 'module_8_assignment' with the following arguments: {'ament_cmake_args': None, 'build_base': '/home/maikelborys/assignment_ws/src/robotics_software_engineer/build/module_8_assignment', 'catkin_cmake_args': None, 'catkin_skip_building_tests': False, 'cmake_args': None, 'cmake_clean_cache': False, 'cmake_clean_first': False, 'cmake_force_configure': False, 'cmake_target': None, 'cmake_target_skip_unavailable': False, 'install_base': '/home/maikelborys/assignment_ws/src/robotics_software_engineer/install/module_8_assignment', 'merge_install': False, 'path': '/home/maikelborys/assignment_ws/src/robotics_software_engineer/module_8_assignment', 'symlink_install': False, 'test_result_base': None}
[0.315s] INFO:colcon.colcon_core.executor:Executing jobs using 'parallel' executor
[0.316s] DEBUG:colcon.colcon_parallel_executor.executor.parallel:run_until_complete
[0.316s] INFO:colcon.colcon_ros.task.ament_cmake.build:Building ROS package in '/home/maikelborys/assignment_ws/src/robotics_software_engineer/module_1_assignment' with build type 'ament_cmake'
[0.317s] INFO:colcon.colcon_cmake.task.cmake.build:Building CMake package in '/home/maikelborys/assignment_ws/src/robotics_software_engineer/module_1_assignment'
[0.318s] INFO:colcon.colcon_core.plugin_system:Skipping extension 'colcon_core.shell.bat': Not used on non-Windows systems
[0.318s] INFO:colcon.colcon_core.shell:Skip shell extension 'powershell' for command environment: Not usable outside of PowerShell
[0.318s] DEBUG:colcon.colcon_core.shell:Skip shell extension 'dsv' for command environment
[0.322s] INFO:colcon.colcon_ros.task.ament_cmake.build:Building ROS package in '/home/maikelborys/assignment_ws/src/robotics_software_engineer/module_2_assignment' with build type 'ament_cmake'
[0.322s] INFO:colcon.colcon_cmake.task.cmake.build:Building CMake package in '/home/maikelborys/assignment_ws/src/robotics_software_engineer/module_2_assignment'
[0.322s] INFO:colcon.colcon_core.shell:Skip shell extension 'powershell' for command environment: Not usable outside of PowerShell
[0.322s] DEBUG:colcon.colcon_core.shell:Skip shell extension 'dsv' for command environment
[0.325s] INFO:colcon.colcon_ros.task.ament_cmake.build:Building ROS package in '/home/maikelborys/assignment_ws/src/robotics_software_engineer/module_3_assignment' with build type 'ament_cmake'
[0.325s] INFO:colcon.colcon_cmake.task.cmake.build:Building CMake package in '/home/maikelborys/assignment_ws/src/robotics_software_engineer/module_3_assignment'
[0.326s] INFO:colcon.colcon_core.shell:Skip shell extension 'powershell' for command environment: Not usable outside of PowerShell
[0.326s] DEBUG:colcon.colcon_core.shell:Skip shell extension 'dsv' for command environment
[0.328s] INFO:colcon.colcon_ros.task.ament_cmake.build:Building ROS package in '/home/maikelborys/assignment_ws/src/robotics_software_engineer/module_4_assignment' with build type 'ament_cmake'
[0.328s] INFO:colcon.colcon_cmake.task.cmake.build:Building CMake package in '/home/maikelborys/assignment_ws/src/robotics_software_engineer/module_4_assignment'
[0.329s] INFO:colcon.colcon_core.shell:Skip shell extension 'powershell' for command environment: Not usable outside of PowerShell
[0.329s] DEBUG:colcon.colcon_core.shell:Skip shell extension 'dsv' for command environment
[0.331s] INFO:colcon.colcon_ros.task.ament_cmake.build:Building ROS package in '/home/maikelborys/assignment_ws/src/robotics_software_engineer/module_5_assignment' with build type 'ament_cmake'
[0.331s] INFO:colcon.colcon_cmake.task.cmake.build:Building CMake package in '/home/maikelborys/assignment_ws/src/robotics_software_engineer/module_5_assignment'
[0.332s] INFO:colcon.colcon_core.shell:Skip shell extension 'powershell' for command environment: Not usable outside of PowerShell
[0.332s] DEBUG:colcon.colcon_core.shell:Skip shell extension 'dsv' for command environment
[0.335s] INFO:colcon.colcon_ros.task.ament_cmake.build:Building ROS package in '/home/maikelborys/assignment_ws/src/robotics_software_engineer/module_6_assignment' with build type 'ament_cmake'
[0.335s] INFO:colcon.colcon_cmake.task.cmake.build:Building CMake package in '/home/maikelborys/assignment_ws/src/robotics_software_engineer/module_6_assignment'
[0.335s] INFO:colcon.colcon_core.shell:Skip shell extension 'powershell' for command environment: Not usable outside of PowerShell
[0.336s] DEBUG:colcon.colcon_core.shell:Skip shell extension 'dsv' for command environment
[0.339s] INFO:colcon.colcon_ros.task.ament_cmake.build:Building ROS package in '/home/maikelborys/assignment_ws/src/robotics_software_engineer/module_7_assignment' with build type 'ament_cmake'
[0.339s] INFO:colcon.colcon_cmake.task.cmake.build:Building CMake package in '/home/maikelborys/assignment_ws/src/robotics_software_engineer/module_7_assignment'
[0.339s] INFO:colcon.colcon_core.shell:Skip shell extension 'powershell' for command environment: Not usable outside of PowerShell
[0.339s] DEBUG:colcon.colcon_core.shell:Skip shell extension 'dsv' for command environment
[0.342s] INFO:colcon.colcon_ros.task.ament_cmake.build:Building ROS package in '/home/maikelborys/assignment_ws/src/robotics_software_engineer/module_8_assignment' with build type 'ament_cmake'
[0.342s] INFO:colcon.colcon_cmake.task.cmake.build:Building CMake package in '/home/maikelborys/assignment_ws/src/robotics_software_engineer/module_8_assignment'
[0.342s] INFO:colcon.colcon_core.shell:Skip shell extension 'powershell' for command environment: Not usable outside of PowerShell
[0.342s] DEBUG:colcon.colcon_core.shell:Skip shell extension 'dsv' for command environment
[0.349s] DEBUG:colcon.colcon_core.event_handler.log_command:Invoking command in '/home/maikelborys/assignment_ws/src/robotics_software_engineer/build/module_1_assignment': CMAKE_PREFIX_PATH=${CMAKE_PREFIX_PATH}:/opt/ros/humble /usr/bin/cmake /home/maikelborys/assignment_ws/src/robotics_software_engineer/module_1_assignment -DCMAKE_INSTALL_PREFIX=/home/maikelborys/assignment_ws/src/robotics_software_engineer/install/module_1_assignment
[0.351s] DEBUG:colcon.colcon_core.event_handler.log_command:Invoking command in '/home/maikelborys/assignment_ws/src/robotics_software_engineer/build/module_2_assignment': CMAKE_PREFIX_PATH=${CMAKE_PREFIX_PATH}:/opt/ros/humble /usr/bin/cmake /home/maikelborys/assignment_ws/src/robotics_software_engineer/module_2_assignment -DCMAKE_INSTALL_PREFIX=/home/maikelborys/assignment_ws/src/robotics_software_engineer/install/module_2_assignment
[0.353s] DEBUG:colcon.colcon_core.event_handler.log_command:Invoking command in '/home/maikelborys/assignment_ws/src/robotics_software_engineer/build/module_3_assignment': CMAKE_PREFIX_PATH=${CMAKE_PREFIX_PATH}:/opt/ros/humble /usr/bin/cmake /home/maikelborys/assignment_ws/src/robotics_software_engineer/module_3_assignment -DCMAKE_INSTALL_PREFIX=/home/maikelborys/assignment_ws/src/robotics_software_engineer/install/module_3_assignment
[0.356s] DEBUG:colcon.colcon_core.event_handler.log_command:Invoking command in '/home/maikelborys/assignment_ws/src/robotics_software_engineer/build/module_4_assignment': CMAKE_PREFIX_PATH=${CMAKE_PREFIX_PATH}:/opt/ros/humble /usr/bin/cmake --build /home/maikelborys/assignment_ws/src/robotics_software_engineer/build/module_4_assignment -- -j16 -l16
[0.357s] DEBUG:colcon.colcon_core.event_handler.log_command:Invoking command in '/home/maikelborys/assignment_ws/src/robotics_software_engineer/build/module_5_assignment': CMAKE_PREFIX_PATH=${CMAKE_PREFIX_PATH}:/opt/ros/humble /usr/bin/cmake /home/maikelborys/assignment_ws/src/robotics_software_engineer/module_5_assignment -DCMAKE_INSTALL_PREFIX=/home/maikelborys/assignment_ws/src/robotics_software_engineer/install/module_5_assignment
[0.360s] DEBUG:colcon.colcon_core.event_handler.log_command:Invoking command in '/home/maikelborys/assignment_ws/src/robotics_software_engineer/build/module_6_assignment': CMAKE_PREFIX_PATH=${CMAKE_PREFIX_PATH}:/opt/ros/humble /usr/bin/cmake /home/maikelborys/assignment_ws/src/robotics_software_engineer/module_6_assignment -DCMAKE_INSTALL_PREFIX=/home/maikelborys/assignment_ws/src/robotics_software_engineer/install/module_6_assignment
[0.363s] DEBUG:colcon.colcon_core.event_handler.log_command:Invoking command in '/home/maikelborys/assignment_ws/src/robotics_software_engineer/build/module_7_assignment': CMAKE_PREFIX_PATH=${CMAKE_PREFIX_PATH}:/opt/ros/humble /usr/bin/cmake /home/maikelborys/assignment_ws/src/robotics_software_engineer/module_7_assignment -DCMAKE_INSTALL_PREFIX=/home/maikelborys/assignment_ws/src/robotics_software_engineer/install/module_7_assignment
[0.369s] DEBUG:colcon.colcon_core.event_handler.log_command:Invoking command in '/home/maikelborys/assignment_ws/src/robotics_software_engineer/build/module_8_assignment': CMAKE_PREFIX_PATH=${CMAKE_PREFIX_PATH}:/opt/ros/humble /usr/bin/cmake /home/maikelborys/assignment_ws/src/robotics_software_engineer/module_8_assignment -DCMAKE_INSTALL_PREFIX=/home/maikelborys/assignment_ws/src/robotics_software_engineer/install/module_8_assignment
[1.063s] DEBUG:colcon.colcon_core.event_handler.log_command:Invoked command in '/home/maikelborys/assignment_ws/src/robotics_software_engineer/build/module_5_assignment' returned '0': CMAKE_PREFIX_PATH=${CMAKE_PREFIX_PATH}:/opt/ros/humble /usr/bin/cmake /home/maikelborys/assignment_ws/src/robotics_software_engineer/module_5_assignment -DCMAKE_INSTALL_PREFIX=/home/maikelborys/assignment_ws/src/robotics_software_engineer/install/module_5_assignment
[1.066s] DEBUG:colcon.colcon_core.event_handler.log_command:Invoking command in '/home/maikelborys/assignment_ws/src/robotics_software_engineer/build/module_5_assignment': CMAKE_PREFIX_PATH=${CMAKE_PREFIX_PATH}:/opt/ros/humble /usr/bin/cmake --build /home/maikelborys/assignment_ws/src/robotics_software_engineer/build/module_5_assignment -- -j16 -l16
[1.069s] DEBUG:colcon.colcon_core.event_handler.log_command:Invoked command in '/home/maikelborys/assignment_ws/src/robotics_software_engineer/build/module_6_assignment' returned '0': CMAKE_PREFIX_PATH=${CMAKE_PREFIX_PATH}:/opt/ros/humble /usr/bin/cmake /home/maikelborys/assignment_ws/src/robotics_software_engineer/module_6_assignment -DCMAKE_INSTALL_PREFIX=/home/maikelborys/assignment_ws/src/robotics_software_engineer/install/module_6_assignment
[1.071s] DEBUG:colcon.colcon_core.event_handler.log_command:Invoking command in '/home/maikelborys/assignment_ws/src/robotics_software_engineer/build/module_6_assignment': CMAKE_PREFIX_PATH=${CMAKE_PREFIX_PATH}:/opt/ros/humble /usr/bin/cmake --build /home/maikelborys/assignment_ws/src/robotics_software_engineer/build/module_6_assignment -- -j16 -l16
[1.075s] DEBUG:colcon.colcon_core.event_handler.log_command:Invoked command in '/home/maikelborys/assignment_ws/src/robotics_software_engineer/build/module_8_assignment' returned '0': CMAKE_PREFIX_PATH=${CMAKE_PREFIX_PATH}:/opt/ros/humble /usr/bin/cmake /home/maikelborys/assignment_ws/src/robotics_software_engineer/module_8_assignment -DCMAKE_INSTALL_PREFIX=/home/maikelborys/assignment_ws/src/robotics_software_engineer/install/module_8_assignment
[1.076s] DEBUG:colcon.colcon_core.event_handler.log_command:Invoking command in '/home/maikelborys/assignment_ws/src/robotics_software_engineer/build/module_8_assignment': CMAKE_PREFIX_PATH=${CMAKE_PREFIX_PATH}:/opt/ros/humble /usr/bin/cmake --build /home/maikelborys/assignment_ws/src/robotics_software_engineer/build/module_8_assignment -- -j16 -l16
[1.093s] DEBUG:colcon.colcon_core.event_handler.log_command:Invoked command in '/home/maikelborys/assignment_ws/src/robotics_software_engineer/build/module_7_assignment' returned '0': CMAKE_PREFIX_PATH=${CMAKE_PREFIX_PATH}:/opt/ros/humble /usr/bin/cmake /home/maikelborys/assignment_ws/src/robotics_software_engineer/module_7_assignment -DCMAKE_INSTALL_PREFIX=/home/maikelborys/assignment_ws/src/robotics_software_engineer/install/module_7_assignment
[1.095s] DEBUG:colcon.colcon_core.event_handler.log_command:Invoking command in '/home/maikelborys/assignment_ws/src/robotics_software_engineer/build/module_7_assignment': CMAKE_PREFIX_PATH=${CMAKE_PREFIX_PATH}:/opt/ros/humble /usr/bin/cmake --build /home/maikelborys/assignment_ws/src/robotics_software_engineer/build/module_7_assignment -- -j16 -l16
[1.098s] DEBUG:colcon.colcon_core.event_handler.log_command:Invoked command in '/home/maikelborys/assignment_ws/src/robotics_software_engineer/build/module_1_assignment' returned '0': CMAKE_PREFIX_PATH=${CMAKE_PREFIX_PATH}:/opt/ros/humble /usr/bin/cmake /home/maikelborys/assignment_ws/src/robotics_software_engineer/module_1_assignment -DCMAKE_INSTALL_PREFIX=/home/maikelborys/assignment_ws/src/robotics_software_engineer/install/module_1_assignment
[1.100s] DEBUG:colcon.colcon_core.event_handler.log_command:Invoking command in '/home/maikelborys/assignment_ws/src/robotics_software_engineer/build/module_1_assignment': CMAKE_PREFIX_PATH=${CMAKE_PREFIX_PATH}:/opt/ros/humble /usr/bin/cmake --build /home/maikelborys/assignment_ws/src/robotics_software_engineer/build/module_1_assignment -- -j16 -l16
[1.110s] DEBUG:colcon.colcon_core.event_handler.log_command:Invoked command in '/home/maikelborys/assignment_ws/src/robotics_software_engineer/build/module_5_assignment' returned '0': CMAKE_PREFIX_PATH=${CMAKE_PREFIX_PATH}:/opt/ros/humble /usr/bin/cmake --build /home/maikelborys/assignment_ws/src/robotics_software_engineer/build/module_5_assignment -- -j16 -l16
[1.122s] DEBUG:colcon.colcon_core.event_handler.log_command:Invoking command in '/home/maikelborys/assignment_ws/src/robotics_software_engineer/build/module_5_assignment': CMAKE_PREFIX_PATH=${CMAKE_PREFIX_PATH}:/opt/ros/humble /usr/bin/cmake --install /home/maikelborys/assignment_ws/src/robotics_software_engineer/build/module_5_assignment
[1.123s] DEBUG:colcon.colcon_core.event_handler.log_command:Invoked command in '/home/maikelborys/assignment_ws/src/robotics_software_engineer/build/module_6_assignment' returned '0': CMAKE_PREFIX_PATH=${CMAKE_PREFIX_PATH}:/opt/ros/humble /usr/bin/cmake --build /home/maikelborys/assignment_ws/src/robotics_software_engineer/build/module_6_assignment -- -j16 -l16
[1.125s] DEBUG:colcon.colcon_core.event_handler.log_command:Invoking command in '/home/maikelborys/assignment_ws/src/robotics_software_engineer/build/module_6_assignment': CMAKE_PREFIX_PATH=${CMAKE_PREFIX_PATH}:/opt/ros/humble /usr/bin/cmake --install /home/maikelborys/assignment_ws/src/robotics_software_engineer/build/module_6_assignment
[1.126s] DEBUG:colcon.colcon_core.event_handler.log_command:Invoked command in '/home/maikelborys/assignment_ws/src/robotics_software_engineer/build/module_8_assignment' returned '0': CMAKE_PREFIX_PATH=${CMAKE_PREFIX_PATH}:/opt/ros/humble /usr/bin/cmake --build /home/maikelborys/assignment_ws/src/robotics_software_engineer/build/module_8_assignment -- -j16 -l16
[1.128s] DEBUG:colcon.colcon_core.event_handler.log_command:Invoking command in '/home/maikelborys/assignment_ws/src/robotics_software_engineer/build/module_8_assignment': CMAKE_PREFIX_PATH=${CMAKE_PREFIX_PATH}:/opt/ros/humble /usr/bin/cmake --install /home/maikelborys/assignment_ws/src/robotics_software_engineer/build/module_8_assignment
[1.140s] Level 1:colcon.colcon_core.environment:create_environment_scripts_only(module_5_assignment)
[1.142s] DEBUG:colcon.colcon_core.event_handler.log_command:Invoked command in '/home/maikelborys/assignment_ws/src/robotics_software_engineer/build/module_5_assignment' returned '0': CMAKE_PREFIX_PATH=${CMAKE_PREFIX_PATH}:/opt/ros/humble /usr/bin/cmake --install /home/maikelborys/assignment_ws/src/robotics_software_engineer/build/module_5_assignment
[1.145s] Level 1:colcon.colcon_core.environment:checking '/home/maikelborys/assignment_ws/src/robotics_software_engineer/install/module_5_assignment' for CMake module files
[1.145s] Level 1:colcon.colcon_core.environment:checking '/home/maikelborys/assignment_ws/src/robotics_software_engineer/install/module_5_assignment' for CMake config files
[1.146s] Level 1:colcon.colcon_core.shell:create_environment_hook('module_5_assignment', 'cmake_prefix_path')
[1.146s] INFO:colcon.colcon_core.shell:Creating environment hook '/home/maikelborys/assignment_ws/src/robotics_software_engineer/install/module_5_assignment/share/module_5_assignment/hook/cmake_prefix_path.ps1'
[1.146s] INFO:colcon.colcon_core.shell:Creating environment descriptor '/home/maikelborys/assignment_ws/src/robotics_software_engineer/install/module_5_assignment/share/module_5_assignment/hook/cmake_prefix_path.dsv'
[1.147s] INFO:colcon.colcon_core.shell:Creating environment hook '/home/maikelborys/assignment_ws/src/robotics_software_engineer/install/module_5_assignment/share/module_5_assignment/hook/cmake_prefix_path.sh'
[1.147s] Level 1:colcon.colcon_core.environment:checking '/home/maikelborys/assignment_ws/src/robotics_software_engineer/install/module_5_assignment/bin'
[1.147s] Level 1:colcon.colcon_core.environment:checking '/home/maikelborys/assignment_ws/src/robotics_software_engineer/install/module_5_assignment/lib/pkgconfig/module_5_assignment.pc'
[1.148s] Level 1:colcon.colcon_core.environment:checking '/home/maikelborys/assignment_ws/src/robotics_software_engineer/install/module_5_assignment/lib/python3.10/site-packages'
[1.148s] Level 1:colcon.colcon_core.environment:checking '/home/maikelborys/assignment_ws/src/robotics_software_engineer/install/module_5_assignment/bin'
[1.148s] INFO:colcon.colcon_core.shell:Creating package script '/home/maikelborys/assignment_ws/src/robotics_software_engineer/install/module_5_assignment/share/module_5_assignment/package.ps1'
[1.149s] INFO:colcon.colcon_core.shell:Creating package descriptor '/home/maikelborys/assignment_ws/src/robotics_software_engineer/install/module_5_assignment/share/module_5_assignment/package.dsv'
[1.149s] INFO:colcon.colcon_core.shell:Creating package script '/home/maikelborys/assignment_ws/src/robotics_software_engineer/install/module_5_assignment/share/module_5_assignment/package.sh'
[1.150s] INFO:colcon.colcon_core.shell:Creating package script '/home/maikelborys/assignment_ws/src/robotics_software_engineer/install/module_5_assignment/share/module_5_assignment/package.bash'
[1.151s] INFO:colcon.colcon_core.shell:Creating package script '/home/maikelborys/assignment_ws/src/robotics_software_engineer/install/module_5_assignment/share/module_5_assignment/package.zsh'
[1.151s] Level 1:colcon.colcon_core.environment:create_file_with_runtime_dependencies(/home/maikelborys/assignment_ws/src/robotics_software_engineer/install/module_5_assignment/share/colcon-core/packages/module_5_assignment)
[1.152s] Level 1:colcon.colcon_core.environment:create_environment_scripts_only(module_5_assignment)
[1.152s] Level 1:colcon.colcon_core.environment:checking '/home/maikelborys/assignment_ws/src/robotics_software_engineer/install/module_5_assignment' for CMake module files
[1.153s] Level 1:colcon.colcon_core.environment:checking '/home/maikelborys/assignment_ws/src/robotics_software_engineer/install/module_5_assignment' for CMake config files
[1.153s] Level 1:colcon.colcon_core.shell:create_environment_hook('module_5_assignment', 'cmake_prefix_path')
[1.153s] INFO:colcon.colcon_core.shell:Creating environment hook '/home/maikelborys/assignment_ws/src/robotics_software_engineer/install/module_5_assignment/share/module_5_assignment/hook/cmake_prefix_path.ps1'
[1.154s] INFO:colcon.colcon_core.shell:Creating environment descriptor '/home/maikelborys/assignment_ws/src/robotics_software_engineer/install/module_5_assignment/share/module_5_assignment/hook/cmake_prefix_path.dsv'
[1.154s] INFO:colcon.colcon_core.shell:Creating environment hook '/home/maikelborys/assignment_ws/src/robotics_software_engineer/install/module_5_assignment/share/module_5_assignment/hook/cmake_prefix_path.sh'
[1.155s] Level 1:colcon.colcon_core.environment:checking '/home/maikelborys/assignment_ws/src/robotics_software_engineer/install/module_5_assignment/bin'
[1.155s] Level 1:colcon.colcon_core.environment:checking '/home/maikelborys/assignment_ws/src/robotics_software_engineer/install/module_5_assignment/lib/pkgconfig/module_5_assignment.pc'
[1.155s] Level 1:colcon.colcon_core.environment:checking '/home/maikelborys/assignment_ws/src/robotics_software_engineer/install/module_5_assignment/lib/python3.10/site-packages'
[1.155s] Level 1:colcon.colcon_core.environment:checking '/home/maikelborys/assignment_ws/src/robotics_software_engineer/install/module_5_assignment/bin'
[1.156s] INFO:colcon.colcon_core.shell:Creating package script '/home/maikelborys/assignment_ws/src/robotics_software_engineer/install/module_5_assignment/share/module_5_assignment/package.ps1'
[1.156s] INFO:colcon.colcon_core.shell:Creating package descriptor '/home/maikelborys/assignment_ws/src/robotics_software_engineer/install/module_5_assignment/share/module_5_assignment/package.dsv'
[1.157s] INFO:colcon.colcon_core.shell:Creating package script '/home/maikelborys/assignment_ws/src/robotics_software_engineer/install/module_5_assignment/share/module_5_assignment/package.sh'
[1.157s] INFO:colcon.colcon_core.shell:Creating package script '/home/maikelborys/assignment_ws/src/robotics_software_engineer/install/module_5_assignment/share/module_5_assignment/package.bash'
[1.158s] INFO:colcon.colcon_core.shell:Creating package script '/home/maikelborys/assignment_ws/src/robotics_software_engineer/install/module_5_assignment/share/module_5_assignment/package.zsh'
[1.159s] Level 1:colcon.colcon_core.environment:create_file_with_runtime_dependencies(/home/maikelborys/assignment_ws/src/robotics_software_engineer/install/module_5_assignment/share/colcon-core/packages/module_5_assignment)
[1.161s] DEBUG:colcon.colcon_core.event_handler.log_command:Invoked command in '/home/maikelborys/assignment_ws/src/robotics_software_engineer/build/module_7_assignment' returned '0': CMAKE_PREFIX_PATH=${CMAKE_PREFIX_PATH}:/opt/ros/humble /usr/bin/cmake --build /home/maikelborys/assignment_ws/src/robotics_software_engineer/build/module_7_assignment -- -j16 -l16
[1.161s] Level 1:colcon.colcon_core.environment:create_environment_scripts_only(module_6_assignment)
[1.162s] DEBUG:colcon.colcon_core.event_handler.log_command:Invoking command in '/home/maikelborys/assignment_ws/src/robotics_software_engineer/build/module_7_assignment': CMAKE_PREFIX_PATH=${CMAKE_PREFIX_PATH}:/opt/ros/humble /usr/bin/cmake --install /home/maikelborys/assignment_ws/src/robotics_software_engineer/build/module_7_assignment
[1.163s] Level 1:colcon.colcon_core.environment:checking '/home/maikelborys/assignment_ws/src/robotics_software_engineer/install/module_6_assignment' for CMake module files
[1.163s] DEBUG:colcon.colcon_core.event_handler.log_command:Invoked command in '/home/maikelborys/assignment_ws/src/robotics_software_engineer/build/module_6_assignment' returned '0': CMAKE_PREFIX_PATH=${CMAKE_PREFIX_PATH}:/opt/ros/humble /usr/bin/cmake --install /home/maikelborys/assignment_ws/src/robotics_software_engineer/build/module_6_assignment
[1.163s] Level 1:colcon.colcon_core.environment:checking '/home/maikelborys/assignment_ws/src/robotics_software_engineer/install/module_6_assignment' for CMake config files
[1.164s] Level 1:colcon.colcon_core.shell:create_environment_hook('module_6_assignment', 'cmake_prefix_path')
[1.164s] INFO:colcon.colcon_core.shell:Creating environment hook '/home/maikelborys/assignment_ws/src/robotics_software_engineer/install/module_6_assignment/share/module_6_assignment/hook/cmake_prefix_path.ps1'
[1.164s] INFO:colcon.colcon_core.shell:Creating environment descriptor '/home/maikelborys/assignment_ws/src/robotics_software_engineer/install/module_6_assignment/share/module_6_assignment/hook/cmake_prefix_path.dsv'
[1.165s] INFO:colcon.colcon_core.shell:Creating environment hook '/home/maikelborys/assignment_ws/src/robotics_software_engineer/install/module_6_assignment/share/module_6_assignment/hook/cmake_prefix_path.sh'
[1.165s] Level 1:colcon.colcon_core.environment:checking '/home/maikelborys/assignment_ws/src/robotics_software_engineer/install/module_6_assignment/bin'
[1.165s] Level 1:colcon.colcon_core.environment:checking '/home/maikelborys/assignment_ws/src/robotics_software_engineer/install/module_6_assignment/lib/pkgconfig/module_6_assignment.pc'
[1.166s] Level 1:colcon.colcon_core.environment:checking '/home/maikelborys/assignment_ws/src/robotics_software_engineer/install/module_6_assignment/lib/python3.10/site-packages'
[1.166s] Level 1:colcon.colcon_core.environment:checking '/home/maikelborys/assignment_ws/src/robotics_software_engineer/install/module_6_assignment/bin'
[1.166s] INFO:colcon.colcon_core.shell:Creating package script '/home/maikelborys/assignment_ws/src/robotics_software_engineer/install/module_6_assignment/share/module_6_assignment/package.ps1'
[1.167s] INFO:colcon.colcon_core.shell:Creating package descriptor '/home/maikelborys/assignment_ws/src/robotics_software_engineer/install/module_6_assignment/share/module_6_assignment/package.dsv'
[1.168s] INFO:colcon.colcon_core.shell:Creating package script '/home/maikelborys/assignment_ws/src/robotics_software_engineer/install/module_6_assignment/share/module_6_assignment/package.sh'
[1.168s] INFO:colcon.colcon_core.shell:Creating package script '/home/maikelborys/assignment_ws/src/robotics_software_engineer/install/module_6_assignment/share/module_6_assignment/package.bash'
[1.169s] INFO:colcon.colcon_core.shell:Creating package script '/home/maikelborys/assignment_ws/src/robotics_software_engineer/install/module_6_assignment/share/module_6_assignment/package.zsh'
[1.169s] Level 1:colcon.colcon_core.environment:create_file_with_runtime_dependencies(/home/maikelborys/assignment_ws/src/robotics_software_engineer/install/module_6_assignment/share/colcon-core/packages/module_6_assignment)
[1.170s] Level 1:colcon.colcon_core.environment:create_environment_scripts_only(module_6_assignment)
[1.170s] Level 1:colcon.colcon_core.environment:checking '/home/maikelborys/assignment_ws/src/robotics_software_engineer/install/module_6_assignment' for CMake module files
[1.170s] Level 1:colcon.colcon_core.environment:checking '/home/maikelborys/assignment_ws/src/robotics_software_engineer/install/module_6_assignment' for CMake config files
[1.171s] Level 1:colcon.colcon_core.shell:create_environment_hook('module_6_assignment', 'cmake_prefix_path')
[1.171s] INFO:colcon.colcon_core.shell:Creating environment hook '/home/maikelborys/assignment_ws/src/robotics_software_engineer/install/module_6_assignment/share/module_6_assignment/hook/cmake_prefix_path.ps1'
[1.171s] INFO:colcon.colcon_core.shell:Creating environment descriptor '/home/maikelborys/assignment_ws/src/robotics_software_engineer/install/module_6_assignment/share/module_6_assignment/hook/cmake_prefix_path.dsv'
[1.171s] INFO:colcon.colcon_core.shell:Creating environment hook '/home/maikelborys/assignment_ws/src/robotics_software_engineer/install/module_6_assignment/share/module_6_assignment/hook/cmake_prefix_path.sh'
[1.172s] Level 1:colcon.colcon_core.environment:checking '/home/maikelborys/assignment_ws/src/robotics_software_engineer/install/module_6_assignment/bin'
[1.172s] Level 1:colcon.colcon_core.environment:checking '/home/maikelborys/assignment_ws/src/robotics_software_engineer/install/module_6_assignment/lib/pkgconfig/module_6_assignment.pc'
[1.172s] Level 1:colcon.colcon_core.environment:checking '/home/maikelborys/assignment_ws/src/robotics_software_engineer/install/module_6_assignment/lib/python3.10/site-packages'
[1.172s] Level 1:colcon.colcon_core.environment:checking '/home/maikelborys/assignment_ws/src/robotics_software_engineer/install/module_6_assignment/bin'
[1.173s] INFO:colcon.colcon_core.shell:Creating package script '/home/maikelborys/assignment_ws/src/robotics_software_engineer/install/module_6_assignment/share/module_6_assignment/package.ps1'
[1.173s] INFO:colcon.colcon_core.shell:Creating package descriptor '/home/maikelborys/assignment_ws/src/robotics_software_engineer/install/module_6_assignment/share/module_6_assignment/package.dsv'
[1.174s] INFO:colcon.colcon_core.shell:Creating package script '/home/maikelborys/assignment_ws/src/robotics_software_engineer/install/module_6_assignment/share/module_6_assignment/package.sh'
[1.174s] INFO:colcon.colcon_core.shell:Creating package script '/home/maikelborys/assignment_ws/src/robotics_software_engineer/install/module_6_assignment/share/module_6_assignment/package.bash'
[1.175s] INFO:colcon.colcon_core.shell:Creating package script '/home/maikelborys/assignment_ws/src/robotics_software_engineer/install/module_6_assignment/share/module_6_assignment/package.zsh'
[1.175s] Level 1:colcon.colcon_core.environment:create_file_with_runtime_dependencies(/home/maikelborys/assignment_ws/src/robotics_software_engineer/install/module_6_assignment/share/colcon-core/packages/module_6_assignment)
[1.176s] Level 1:colcon.colcon_core.environment:create_environment_scripts_only(module_8_assignment)
[1.177s] Level 1:colcon.colcon_core.environment:checking '/home/maikelborys/assignment_ws/src/robotics_software_engineer/install/module_8_assignment' for CMake module files
[1.177s] Level 1:colcon.colcon_core.environment:checking '/home/maikelborys/assignment_ws/src/robotics_software_engineer/install/module_8_assignment' for CMake config files
[1.178s] DEBUG:colcon.colcon_core.event_handler.log_command:Invoked command in '/home/maikelborys/assignment_ws/src/robotics_software_engineer/build/module_8_assignment' returned '0': CMAKE_PREFIX_PATH=${CMAKE_PREFIX_PATH}:/opt/ros/humble /usr/bin/cmake --install /home/maikelborys/assignment_ws/src/robotics_software_engineer/build/module_8_assignment
[1.179s] Level 1:colcon.colcon_core.shell:create_environment_hook('module_8_assignment', 'cmake_prefix_path')
[1.180s] INFO:colcon.colcon_core.shell:Creating environment hook '/home/maikelborys/assignment_ws/src/robotics_software_engineer/install/module_8_assignment/share/module_8_assignment/hook/cmake_prefix_path.ps1'
[1.180s] INFO:colcon.colcon_core.shell:Creating environment descriptor '/home/maikelborys/assignment_ws/src/robotics_software_engineer/install/module_8_assignment/share/module_8_assignment/hook/cmake_prefix_path.dsv'
[1.180s] INFO:colcon.colcon_core.shell:Creating environment hook '/home/maikelborys/assignment_ws/src/robotics_software_engineer/install/module_8_assignment/share/module_8_assignment/hook/cmake_prefix_path.sh'
[1.181s] Level 1:colcon.colcon_core.environment:checking '/home/maikelborys/assignment_ws/src/robotics_software_engineer/install/module_8_assignment/bin'
[1.181s] Level 1:colcon.colcon_core.environment:checking '/home/maikelborys/assignment_ws/src/robotics_software_engineer/install/module_8_assignment/lib/pkgconfig/module_8_assignment.pc'
[1.181s] Level 1:colcon.colcon_core.environment:checking '/home/maikelborys/assignment_ws/src/robotics_software_engineer/install/module_8_assignment/lib/python3.10/site-packages'
[1.181s] Level 1:colcon.colcon_core.environment:checking '/home/maikelborys/assignment_ws/src/robotics_software_engineer/install/module_8_assignment/bin'
[1.182s] INFO:colcon.colcon_core.shell:Creating package script '/home/maikelborys/assignment_ws/src/robotics_software_engineer/install/module_8_assignment/share/module_8_assignment/package.ps1'
[1.182s] INFO:colcon.colcon_core.shell:Creating package descriptor '/home/maikelborys/assignment_ws/src/robotics_software_engineer/install/module_8_assignment/share/module_8_assignment/package.dsv'
[1.183s] INFO:colcon.colcon_core.shell:Creating package script '/home/maikelborys/assignment_ws/src/robotics_software_engineer/install/module_8_assignment/share/module_8_assignment/package.sh'
[1.183s] INFO:colcon.colcon_core.shell:Creating package script '/home/maikelborys/assignment_ws/src/robotics_software_engineer/install/module_8_assignment/share/module_8_assignment/package.bash'
[1.183s] INFO:colcon.colcon_core.shell:Creating package script '/home/maikelborys/assignment_ws/src/robotics_software_engineer/install/module_8_assignment/share/module_8_assignment/package.zsh'
[1.184s] Level 1:colcon.colcon_core.environment:create_file_with_runtime_dependencies(/home/maikelborys/assignment_ws/src/robotics_software_engineer/install/module_8_assignment/share/colcon-core/packages/module_8_assignment)
[1.184s] Level 1:colcon.colcon_core.environment:create_environment_scripts_only(module_8_assignment)
[1.184s] Level 1:colcon.colcon_core.environment:checking '/home/maikelborys/assignment_ws/src/robotics_software_engineer/install/module_8_assignment' for CMake module files
[1.185s] Level 1:colcon.colcon_core.environment:checking '/home/maikelborys/assignment_ws/src/robotics_software_engineer/install/module_8_assignment' for CMake config files
[1.185s] Level 1:colcon.colcon_core.shell:create_environment_hook('module_8_assignment', 'cmake_prefix_path')
[1.185s] INFO:colcon.colcon_core.shell:Creating environment hook '/home/maikelborys/assignment_ws/src/robotics_software_engineer/install/module_8_assignment/share/module_8_assignment/hook/cmake_prefix_path.ps1'
[1.186s] INFO:colcon.colcon_core.shell:Creating environment descriptor '/home/maikelborys/assignment_ws/src/robotics_software_engineer/install/module_8_assignment/share/module_8_assignment/hook/cmake_prefix_path.dsv'
[1.186s] INFO:colcon.colcon_core.shell:Creating environment hook '/home/maikelborys/assignment_ws/src/robotics_software_engineer/install/module_8_assignment/share/module_8_assignment/hook/cmake_prefix_path.sh'
[1.187s] Level 1:colcon.colcon_core.environment:checking '/home/maikelborys/assignment_ws/src/robotics_software_engineer/install/module_8_assignment/bin'
[1.187s] Level 1:colcon.colcon_core.environment:checking '/home/maikelborys/assignment_ws/src/robotics_software_engineer/install/module_8_assignment/lib/pkgconfig/module_8_assignment.pc'
[1.187s] Level 1:colcon.colcon_core.environment:checking '/home/maikelborys/assignment_ws/src/robotics_software_engineer/install/module_8_assignment/lib/python3.10/site-packages'
[1.187s] Level 1:colcon.colcon_core.environment:checking '/home/maikelborys/assignment_ws/src/robotics_software_engineer/install/module_8_assignment/bin'
[1.188s] INFO:colcon.colcon_core.shell:Creating package script '/home/maikelborys/assignment_ws/src/robotics_software_engineer/install/module_8_assignment/share/module_8_assignment/package.ps1'
[1.188s] INFO:colcon.colcon_core.shell:Creating package descriptor '/home/maikelborys/assignment_ws/src/robotics_software_engineer/install/module_8_assignment/share/module_8_assignment/package.dsv'
[1.189s] INFO:colcon.colcon_core.shell:Creating package script '/home/maikelborys/assignment_ws/src/robotics_software_engineer/install/module_8_assignment/share/module_8_assignment/package.sh'
[1.189s] INFO:colcon.colcon_core.shell:Creating package script '/home/maikelborys/assignment_ws/src/robotics_software_engineer/install/module_8_assignment/share/module_8_assignment/package.bash'
[1.190s] INFO:colcon.colcon_core.shell:Creating package script '/home/maikelborys/assignment_ws/src/robotics_software_engineer/install/module_8_assignment/share/module_8_assignment/package.zsh'
[1.190s] Level 1:colcon.colcon_core.environment:create_file_with_runtime_dependencies(/home/maikelborys/assignment_ws/src/robotics_software_engineer/install/module_8_assignment/share/colcon-core/packages/module_8_assignment)
[1.191s] Level 1:colcon.colcon_core.environment:create_environment_scripts_only(module_7_assignment)
[1.192s] Level 1:colcon.colcon_core.environment:checking '/home/maikelborys/assignment_ws/src/robotics_software_engineer/install/module_7_assignment' for CMake module files
[1.193s] DEBUG:colcon.colcon_core.event_handler.log_command:Invoked command in '/home/maikelborys/assignment_ws/src/robotics_software_engineer/build/module_7_assignment' returned '0': CMAKE_PREFIX_PATH=${CMAKE_PREFIX_PATH}:/opt/ros/humble /usr/bin/cmake --install /home/maikelborys/assignment_ws/src/robotics_software_engineer/build/module_7_assignment
[1.193s] Level 1:colcon.colcon_core.environment:checking '/home/maikelborys/assignment_ws/src/robotics_software_engineer/install/module_7_assignment' for CMake config files
[1.193s] Level 1:colcon.colcon_core.shell:create_environment_hook('module_7_assignment', 'cmake_prefix_path')
[1.194s] INFO:colcon.colcon_core.shell:Creating environment hook '/home/maikelborys/assignment_ws/src/robotics_software_engineer/install/module_7_assignment/share/module_7_assignment/hook/cmake_prefix_path.ps1'
[1.194s] INFO:colcon.colcon_core.shell:Creating environment descriptor '/home/maikelborys/assignment_ws/src/robotics_software_engineer/install/module_7_assignment/share/module_7_assignment/hook/cmake_prefix_path.dsv'
[1.195s] INFO:colcon.colcon_core.shell:Creating environment hook '/home/maikelborys/assignment_ws/src/robotics_software_engineer/install/module_7_assignment/share/module_7_assignment/hook/cmake_prefix_path.sh'
[1.195s] Level 1:colcon.colcon_core.environment:checking '/home/maikelborys/assignment_ws/src/robotics_software_engineer/install/module_7_assignment/bin'
[1.195s] Level 1:colcon.colcon_core.environment:checking '/home/maikelborys/assignment_ws/src/robotics_software_engineer/install/module_7_assignment/lib/pkgconfig/module_7_assignment.pc'
[1.195s] Level 1:colcon.colcon_core.environment:checking '/home/maikelborys/assignment_ws/src/robotics_software_engineer/install/module_7_assignment/lib/python3.10/site-packages'
[1.196s] Level 1:colcon.colcon_core.environment:checking '/home/maikelborys/assignment_ws/src/robotics_software_engineer/install/module_7_assignment/bin'
[1.196s] INFO:colcon.colcon_core.shell:Creating package script '/home/maikelborys/assignment_ws/src/robotics_software_engineer/install/module_7_assignment/share/module_7_assignment/package.ps1'
[1.197s] INFO:colcon.colcon_core.shell:Creating package descriptor '/home/maikelborys/assignment_ws/src/robotics_software_engineer/install/module_7_assignment/share/module_7_assignment/package.dsv'
[1.197s] INFO:colcon.colcon_core.shell:Creating package script '/home/maikelborys/assignment_ws/src/robotics_software_engineer/install/module_7_assignment/share/module_7_assignment/package.sh'
[1.198s] INFO:colcon.colcon_core.shell:Creating package script '/home/maikelborys/assignment_ws/src/robotics_software_engineer/install/module_7_assignment/share/module_7_assignment/package.bash'
[1.198s] INFO:colcon.colcon_core.shell:Creating package script '/home/maikelborys/assignment_ws/src/robotics_software_engineer/install/module_7_assignment/share/module_7_assignment/package.zsh'
[1.198s] Level 1:colcon.colcon_core.environment:create_file_with_runtime_dependencies(/home/maikelborys/assignment_ws/src/robotics_software_engineer/install/module_7_assignment/share/colcon-core/packages/module_7_assignment)
[1.199s] Level 1:colcon.colcon_core.environment:create_environment_scripts_only(module_7_assignment)
[1.200s] Level 1:colcon.colcon_core.environment:checking '/home/maikelborys/assignment_ws/src/robotics_software_engineer/install/module_7_assignment' for CMake module files
[1.200s] Level 1:colcon.colcon_core.environment:checking '/home/maikelborys/assignment_ws/src/robotics_software_engineer/install/module_7_assignment' for CMake config files
[1.201s] Level 1:colcon.colcon_core.shell:create_environment_hook('module_7_assignment', 'cmake_prefix_path')
[1.202s] INFO:colcon.colcon_core.shell:Creating environment hook '/home/maikelborys/assignment_ws/src/robotics_software_engineer/install/module_7_assignment/share/module_7_assignment/hook/cmake_prefix_path.ps1'
[1.202s] INFO:colcon.colcon_core.shell:Creating environment descriptor '/home/maikelborys/assignment_ws/src/robotics_software_engineer/install/module_7_assignment/share/module_7_assignment/hook/cmake_prefix_path.dsv'
[1.203s] INFO:colcon.colcon_core.shell:Creating environment hook '/home/maikelborys/assignment_ws/src/robotics_software_engineer/install/module_7_assignment/share/module_7_assignment/hook/cmake_prefix_path.sh'
[1.204s] Level 1:colcon.colcon_core.environment:checking '/home/maikelborys/assignment_ws/src/robotics_software_engineer/install/module_7_assignment/bin'
[1.204s] Level 1:colcon.colcon_core.environment:checking '/home/maikelborys/assignment_ws/src/robotics_software_engineer/install/module_7_assignment/lib/pkgconfig/module_7_assignment.pc'
[1.204s] Level 1:colcon.colcon_core.environment:checking '/home/maikelborys/assignment_ws/src/robotics_software_engineer/install/module_7_assignment/lib/python3.10/site-packages'
[1.204s] Level 1:colcon.colcon_core.environment:checking '/home/maikelborys/assignment_ws/src/robotics_software_engineer/install/module_7_assignment/bin'
[1.205s] INFO:colcon.colcon_core.shell:Creating package script '/home/maikelborys/assignment_ws/src/robotics_software_engineer/install/module_7_assignment/share/module_7_assignment/package.ps1'
[1.205s] INFO:colcon.colcon_core.shell:Creating package descriptor '/home/maikelborys/assignment_ws/src/robotics_software_engineer/install/module_7_assignment/share/module_7_assignment/package.dsv'
[1.206s] INFO:colcon.colcon_core.shell:Creating package script '/home/maikelborys/assignment_ws/src/robotics_software_engineer/install/module_7_assignment/share/module_7_assignment/package.sh'
[1.206s] INFO:colcon.colcon_core.shell:Creating package script '/home/maikelborys/assignment_ws/src/robotics_software_engineer/install/module_7_assignment/share/module_7_assignment/package.bash'
[1.207s] INFO:colcon.colcon_core.shell:Creating package script '/home/maikelborys/assignment_ws/src/robotics_software_engineer/install/module_7_assignment/share/module_7_assignment/package.zsh'
[1.207s] Level 1:colcon.colcon_core.environment:create_file_with_runtime_dependencies(/home/maikelborys/assignment_ws/src/robotics_software_engineer/install/module_7_assignment/share/colcon-core/packages/module_7_assignment)
[1.568s] DEBUG:colcon.colcon_core.event_handler.log_command:Invoked command in '/home/maikelborys/assignment_ws/src/robotics_software_engineer/build/module_1_assignment' returned '0': CMAKE_PREFIX_PATH=${CMAKE_PREFIX_PATH}:/opt/ros/humble /usr/bin/cmake --build /home/maikelborys/assignment_ws/src/robotics_software_engineer/build/module_1_assignment -- -j16 -l16
[1.569s] DEBUG:colcon.colcon_core.event_handler.log_command:Invoking command in '/home/maikelborys/assignment_ws/src/robotics_software_engineer/build/module_1_assignment': CMAKE_PREFIX_PATH=${CMAKE_PREFIX_PATH}:/opt/ros/humble /usr/bin/cmake --install /home/maikelborys/assignment_ws/src/robotics_software_engineer/build/module_1_assignment
[1.582s] Level 1:colcon.colcon_core.environment:create_environment_scripts_only(module_1_assignment)
[1.582s] Level 1:colcon.colcon_core.environment:checking '/home/maikelborys/assignment_ws/src/robotics_software_engineer/install/module_1_assignment' for CMake module files
[1.583s] DEBUG:colcon.colcon_core.event_handler.log_command:Invoked command in '/home/maikelborys/assignment_ws/src/robotics_software_engineer/build/module_1_assignment' returned '0': CMAKE_PREFIX_PATH=${CMAKE_PREFIX_PATH}:/opt/ros/humble /usr/bin/cmake --install /home/maikelborys/assignment_ws/src/robotics_software_engineer/build/module_1_assignment
[1.583s] Level 1:colcon.colcon_core.environment:checking '/home/maikelborys/assignment_ws/src/robotics_software_engineer/install/module_1_assignment' for CMake config files
[1.583s] Level 1:colcon.colcon_core.shell:create_environment_hook('module_1_assignment', 'cmake_prefix_path')
[1.583s] INFO:colcon.colcon_core.shell:Creating environment hook '/home/maikelborys/assignment_ws/src/robotics_software_engineer/install/module_1_assignment/share/module_1_assignment/hook/cmake_prefix_path.ps1'
[1.584s] INFO:colcon.colcon_core.shell:Creating environment descriptor '/home/maikelborys/assignment_ws/src/robotics_software_engineer/install/module_1_assignment/share/module_1_assignment/hook/cmake_prefix_path.dsv'
[1.584s] INFO:colcon.colcon_core.shell:Creating environment hook '/home/maikelborys/assignment_ws/src/robotics_software_engineer/install/module_1_assignment/share/module_1_assignment/hook/cmake_prefix_path.sh'
[1.584s] Level 1:colcon.colcon_core.environment:checking '/home/maikelborys/assignment_ws/src/robotics_software_engineer/install/module_1_assignment/bin'
[1.584s] Level 1:colcon.colcon_core.environment:checking '/home/maikelborys/assignment_ws/src/robotics_software_engineer/install/module_1_assignment/lib/pkgconfig/module_1_assignment.pc'
[1.585s] Level 1:colcon.colcon_core.environment:checking '/home/maikelborys/assignment_ws/src/robotics_software_engineer/install/module_1_assignment/lib/python3.10/site-packages'
[1.585s] Level 1:colcon.colcon_core.environment:checking '/home/maikelborys/assignment_ws/src/robotics_software_engineer/install/module_1_assignment/bin'
[1.585s] INFO:colcon.colcon_core.shell:Creating package script '/home/maikelborys/assignment_ws/src/robotics_software_engineer/install/module_1_assignment/share/module_1_assignment/package.ps1'
[1.585s] INFO:colcon.colcon_core.shell:Creating package descriptor '/home/maikelborys/assignment_ws/src/robotics_software_engineer/install/module_1_assignment/share/module_1_assignment/package.dsv'
[1.586s] INFO:colcon.colcon_core.shell:Creating package script '/home/maikelborys/assignment_ws/src/robotics_software_engineer/install/module_1_assignment/share/module_1_assignment/package.sh'
[1.586s] INFO:colcon.colcon_core.shell:Creating package script '/home/maikelborys/assignment_ws/src/robotics_software_engineer/install/module_1_assignment/share/module_1_assignment/package.bash'
[1.586s] INFO:colcon.colcon_core.shell:Creating package script '/home/maikelborys/assignment_ws/src/robotics_software_engineer/install/module_1_assignment/share/module_1_assignment/package.zsh'
[1.586s] Level 1:colcon.colcon_core.environment:create_file_with_runtime_dependencies(/home/maikelborys/assignment_ws/src/robotics_software_engineer/install/module_1_assignment/share/colcon-core/packages/module_1_assignment)
[1.587s] Level 1:colcon.colcon_core.environment:create_environment_scripts_only(module_1_assignment)
[1.587s] Level 1:colcon.colcon_core.environment:checking '/home/maikelborys/assignment_ws/src/robotics_software_engineer/install/module_1_assignment' for CMake module files
[1.587s] Level 1:colcon.colcon_core.environment:checking '/home/maikelborys/assignment_ws/src/robotics_software_engineer/install/module_1_assignment' for CMake config files
[1.588s] Level 1:colcon.colcon_core.shell:create_environment_hook('module_1_assignment', 'cmake_prefix_path')
[1.588s] INFO:colcon.colcon_core.shell:Creating environment hook '/home/maikelborys/assignment_ws/src/robotics_software_engineer/install/module_1_assignment/share/module_1_assignment/hook/cmake_prefix_path.ps1'
[1.588s] INFO:colcon.colcon_core.shell:Creating environment descriptor '/home/maikelborys/assignment_ws/src/robotics_software_engineer/install/module_1_assignment/share/module_1_assignment/hook/cmake_prefix_path.dsv'
[1.588s] INFO:colcon.colcon_core.shell:Creating environment hook '/home/maikelborys/assignment_ws/src/robotics_software_engineer/install/module_1_assignment/share/module_1_assignment/hook/cmake_prefix_path.sh'
[1.589s] Level 1:colcon.colcon_core.environment:checking '/home/maikelborys/assignment_ws/src/robotics_software_engineer/install/module_1_assignment/bin'
[1.589s] Level 1:colcon.colcon_core.environment:checking '/home/maikelborys/assignment_ws/src/robotics_software_engineer/install/module_1_assignment/lib/pkgconfig/module_1_assignment.pc'
[1.589s] Level 1:colcon.colcon_core.environment:checking '/home/maikelborys/assignment_ws/src/robotics_software_engineer/install/module_1_assignment/lib/python3.10/site-packages'
[1.589s] Level 1:colcon.colcon_core.environment:checking '/home/maikelborys/assignment_ws/src/robotics_software_engineer/install/module_1_assignment/bin'
[1.589s] INFO:colcon.colcon_core.shell:Creating package script '/home/maikelborys/assignment_ws/src/robotics_software_engineer/install/module_1_assignment/share/module_1_assignment/package.ps1'
[1.589s] INFO:colcon.colcon_core.shell:Creating package descriptor '/home/maikelborys/assignment_ws/src/robotics_software_engineer/install/module_1_assignment/share/module_1_assignment/package.dsv'
[1.590s] INFO:colcon.colcon_core.shell:Creating package script '/home/maikelborys/assignment_ws/src/robotics_software_engineer/install/module_1_assignment/share/module_1_assignment/package.sh'
[1.590s] INFO:colcon.colcon_core.shell:Creating package script '/home/maikelborys/assignment_ws/src/robotics_software_engineer/install/module_1_assignment/share/module_1_assignment/package.bash'
[1.590s] INFO:colcon.colcon_core.shell:Creating package script '/home/maikelborys/assignment_ws/src/robotics_software_engineer/install/module_1_assignment/share/module_1_assignment/package.zsh'
[1.591s] Level 1:colcon.colcon_core.environment:create_file_with_runtime_dependencies(/home/maikelborys/assignment_ws/src/robotics_software_engineer/install/module_1_assignment/share/colcon-core/packages/module_1_assignment)
[1.705s] DEBUG:colcon.colcon_core.event_handler.log_command:Invoked command in '/home/maikelborys/assignment_ws/src/robotics_software_engineer/build/module_2_assignment' returned '0': CMAKE_PREFIX_PATH=${CMAKE_PREFIX_PATH}:/opt/ros/humble /usr/bin/cmake /home/maikelborys/assignment_ws/src/robotics_software_engineer/module_2_assignment -DCMAKE_INSTALL_PREFIX=/home/maikelborys/assignment_ws/src/robotics_software_engineer/install/module_2_assignment
[1.707s] DEBUG:colcon.colcon_core.event_handler.log_command:Invoking command in '/home/maikelborys/assignment_ws/src/robotics_software_engineer/build/module_2_assignment': CMAKE_PREFIX_PATH=${CMAKE_PREFIX_PATH}:/opt/ros/humble /usr/bin/cmake --build /home/maikelborys/assignment_ws/src/robotics_software_engineer/build/module_2_assignment -- -j16 -l16
[1.863s] DEBUG:colcon.colcon_core.event_handler.log_command:Invoked command in '/home/maikelborys/assignment_ws/src/robotics_software_engineer/build/module_3_assignment' returned '0': CMAKE_PREFIX_PATH=${CMAKE_PREFIX_PATH}:/opt/ros/humble /usr/bin/cmake /home/maikelborys/assignment_ws/src/robotics_software_engineer/module_3_assignment -DCMAKE_INSTALL_PREFIX=/home/maikelborys/assignment_ws/src/robotics_software_engineer/install/module_3_assignment
[1.864s] DEBUG:colcon.colcon_core.event_handler.log_command:Invoking command in '/home/maikelborys/assignment_ws/src/robotics_software_engineer/build/module_3_assignment': CMAKE_PREFIX_PATH=${CMAKE_PREFIX_PATH}:/opt/ros/humble /usr/bin/cmake --build /home/maikelborys/assignment_ws/src/robotics_software_engineer/build/module_3_assignment -- -j16 -l16
[11.608s] DEBUG:colcon.colcon_core.event_handler.log_command:Invoked command in '/home/maikelborys/assignment_ws/src/robotics_software_engineer/build/module_3_assignment' returned '0': CMAKE_PREFIX_PATH=${CMAKE_PREFIX_PATH}:/opt/ros/humble /usr/bin/cmake --build /home/maikelborys/assignment_ws/src/robotics_software_engineer/build/module_3_assignment -- -j16 -l16
[11.698s] DEBUG:colcon.colcon_core.event_handler.log_command:Invoking command in '/home/maikelborys/assignment_ws/src/robotics_software_engineer/build/module_3_assignment': CMAKE_PREFIX_PATH=${CMAKE_PREFIX_PATH}:/opt/ros/humble /usr/bin/cmake --install /home/maikelborys/assignment_ws/src/robotics_software_engineer/build/module_3_assignment
[11.698s] DEBUG:colcon.colcon_core.event_handler.log_command:Invoked command in '/home/maikelborys/assignment_ws/src/robotics_software_engineer/build/module_2_assignment' returned '0': CMAKE_PREFIX_PATH=${CMAKE_PREFIX_PATH}:/opt/ros/humble /usr/bin/cmake --build /home/maikelborys/assignment_ws/src/robotics_software_engineer/build/module_2_assignment -- -j16 -l16
[11.699s] DEBUG:colcon.colcon_core.event_handler.log_command:Invoking command in '/home/maikelborys/assignment_ws/src/robotics_software_engineer/build/module_2_assignment': CMAKE_PREFIX_PATH=${CMAKE_PREFIX_PATH}:/opt/ros/humble /usr/bin/cmake --install /home/maikelborys/assignment_ws/src/robotics_software_engineer/build/module_2_assignment
[11.880s] Level 1:colcon.colcon_core.environment:create_environment_scripts_only(module_2_assignment)
[11.880s] Level 1:colcon.colcon_core.environment:checking '/home/maikelborys/assignment_ws/src/robotics_software_engineer/install/module_2_assignment' for CMake module files
[11.881s] DEBUG:colcon.colcon_core.event_handler.log_command:Invoked command in '/home/maikelborys/assignment_ws/src/robotics_software_engineer/build/module_2_assignment' returned '0': CMAKE_PREFIX_PATH=${CMAKE_PREFIX_PATH}:/opt/ros/humble /usr/bin/cmake --install /home/maikelborys/assignment_ws/src/robotics_software_engineer/build/module_2_assignment
[11.881s] Level 1:colcon.colcon_core.environment:checking '/home/maikelborys/assignment_ws/src/robotics_software_engineer/install/module_2_assignment' for CMake config files
[11.882s] Level 1:colcon.colcon_core.shell:create_environment_hook('module_2_assignment', 'cmake_prefix_path')
[11.882s] INFO:colcon.colcon_core.shell:Creating environment hook '/home/maikelborys/assignment_ws/src/robotics_software_engineer/install/module_2_assignment/share/module_2_assignment/hook/cmake_prefix_path.ps1'
[11.904s] INFO:colcon.colcon_core.shell:Creating environment descriptor '/home/maikelborys/assignment_ws/src/robotics_software_engineer/install/module_2_assignment/share/module_2_assignment/hook/cmake_prefix_path.dsv'
[11.905s] INFO:colcon.colcon_core.shell:Creating environment hook '/home/maikelborys/assignment_ws/src/robotics_software_engineer/install/module_2_assignment/share/module_2_assignment/hook/cmake_prefix_path.sh'
[11.906s] Level 1:colcon.colcon_core.environment:checking '/home/maikelborys/assignment_ws/src/robotics_software_engineer/install/module_2_assignment/lib'
[11.906s] Level 1:colcon.colcon_core.environment:checking '/home/maikelborys/assignment_ws/src/robotics_software_engineer/install/module_2_assignment/bin'
[11.906s] Level 1:colcon.colcon_core.environment:checking '/home/maikelborys/assignment_ws/src/robotics_software_engineer/install/module_2_assignment/lib/pkgconfig/module_2_assignment.pc'
[11.906s] Level 1:colcon.colcon_core.environment:checking '/home/maikelborys/assignment_ws/src/robotics_software_engineer/install/module_2_assignment/lib/python3.10/site-packages'
[11.907s] Level 1:colcon.colcon_core.environment:checking '/home/maikelborys/assignment_ws/src/robotics_software_engineer/install/module_2_assignment/bin'
[11.907s] INFO:colcon.colcon_core.shell:Creating package script '/home/maikelborys/assignment_ws/src/robotics_software_engineer/install/module_2_assignment/share/module_2_assignment/package.ps1'
[11.908s] INFO:colcon.colcon_core.shell:Creating package descriptor '/home/maikelborys/assignment_ws/src/robotics_software_engineer/install/module_2_assignment/share/module_2_assignment/package.dsv'
[11.908s] INFO:colcon.colcon_core.shell:Creating package script '/home/maikelborys/assignment_ws/src/robotics_software_engineer/install/module_2_assignment/share/module_2_assignment/package.sh'
[11.909s] INFO:colcon.colcon_core.shell:Creating package script '/home/maikelborys/assignment_ws/src/robotics_software_engineer/install/module_2_assignment/share/module_2_assignment/package.bash'
[11.910s] INFO:colcon.colcon_core.shell:Creating package script '/home/maikelborys/assignment_ws/src/robotics_software_engineer/install/module_2_assignment/share/module_2_assignment/package.zsh'
[11.910s] Level 1:colcon.colcon_core.environment:create_file_with_runtime_dependencies(/home/maikelborys/assignment_ws/src/robotics_software_engineer/install/module_2_assignment/share/colcon-core/packages/module_2_assignment)
[11.911s] Level 1:colcon.colcon_core.environment:create_environment_scripts_only(module_2_assignment)
[11.911s] Level 1:colcon.colcon_core.environment:checking '/home/maikelborys/assignment_ws/src/robotics_software_engineer/install/module_2_assignment' for CMake module files
[11.912s] Level 1:colcon.colcon_core.environment:checking '/home/maikelborys/assignment_ws/src/robotics_software_engineer/install/module_2_assignment' for CMake config files
[11.913s] Level 1:colcon.colcon_core.shell:create_environment_hook('module_2_assignment', 'cmake_prefix_path')
[11.913s] INFO:colcon.colcon_core.shell:Creating environment hook '/home/maikelborys/assignment_ws/src/robotics_software_engineer/install/module_2_assignment/share/module_2_assignment/hook/cmake_prefix_path.ps1'
[11.913s] INFO:colcon.colcon_core.shell:Creating environment descriptor '/home/maikelborys/assignment_ws/src/robotics_software_engineer/install/module_2_assignment/share/module_2_assignment/hook/cmake_prefix_path.dsv'
[11.913s] INFO:colcon.colcon_core.shell:Creating environment hook '/home/maikelborys/assignment_ws/src/robotics_software_engineer/install/module_2_assignment/share/module_2_assignment/hook/cmake_prefix_path.sh'
[11.914s] Level 1:colcon.colcon_core.environment:checking '/home/maikelborys/assignment_ws/src/robotics_software_engineer/install/module_2_assignment/lib'
[11.914s] Level 1:colcon.colcon_core.environment:checking '/home/maikelborys/assignment_ws/src/robotics_software_engineer/install/module_2_assignment/bin'
[11.914s] Level 1:colcon.colcon_core.environment:checking '/home/maikelborys/assignment_ws/src/robotics_software_engineer/install/module_2_assignment/lib/pkgconfig/module_2_assignment.pc'
[11.914s] Level 1:colcon.colcon_core.environment:checking '/home/maikelborys/assignment_ws/src/robotics_software_engineer/install/module_2_assignment/lib/python3.10/site-packages'
[11.914s] Level 1:colcon.colcon_core.environment:checking '/home/maikelborys/assignment_ws/src/robotics_software_engineer/install/module_2_assignment/bin'
[11.914s] INFO:colcon.colcon_core.shell:Creating package script '/home/maikelborys/assignment_ws/src/robotics_software_engineer/install/module_2_assignment/share/module_2_assignment/package.ps1'
[11.915s] INFO:colcon.colcon_core.shell:Creating package descriptor '/home/maikelborys/assignment_ws/src/robotics_software_engineer/install/module_2_assignment/share/module_2_assignment/package.dsv'
[11.915s] INFO:colcon.colcon_core.shell:Creating package script '/home/maikelborys/assignment_ws/src/robotics_software_engineer/install/module_2_assignment/share/module_2_assignment/package.sh'
[11.915s] INFO:colcon.colcon_core.shell:Creating package script '/home/maikelborys/assignment_ws/src/robotics_software_engineer/install/module_2_assignment/share/module_2_assignment/package.bash'
[11.916s] INFO:colcon.colcon_core.shell:Creating package script '/home/maikelborys/assignment_ws/src/robotics_software_engineer/install/module_2_assignment/share/module_2_assignment/package.zsh'
[11.916s] Level 1:colcon.colcon_core.environment:create_file_with_runtime_dependencies(/home/maikelborys/assignment_ws/src/robotics_software_engineer/install/module_2_assignment/share/colcon-core/packages/module_2_assignment)
[11.917s] Level 1:colcon.colcon_core.environment:create_environment_scripts_only(module_3_assignment)
[11.917s] Level 1:colcon.colcon_core.environment:checking '/home/maikelborys/assignment_ws/src/robotics_software_engineer/install/module_3_assignment' for CMake module files
[11.918s] DEBUG:colcon.colcon_core.event_handler.log_command:Invoked command in '/home/maikelborys/assignment_ws/src/robotics_software_engineer/build/module_3_assignment' returned '0': CMAKE_PREFIX_PATH=${CMAKE_PREFIX_PATH}:/opt/ros/humble /usr/bin/cmake --install /home/maikelborys/assignment_ws/src/robotics_software_engineer/build/module_3_assignment
[11.918s] Level 1:colcon.colcon_core.environment:checking '/home/maikelborys/assignment_ws/src/robotics_software_engineer/install/module_3_assignment' for CMake config files
[11.918s] Level 1:colcon.colcon_core.shell:create_environment_hook('module_3_assignment', 'cmake_prefix_path')
[11.918s] INFO:colcon.colcon_core.shell:Creating environment hook '/home/maikelborys/assignment_ws/src/robotics_software_engineer/install/module_3_assignment/share/module_3_assignment/hook/cmake_prefix_path.ps1'
[11.919s] INFO:colcon.colcon_core.shell:Creating environment descriptor '/home/maikelborys/assignment_ws/src/robotics_software_engineer/install/module_3_assignment/share/module_3_assignment/hook/cmake_prefix_path.dsv'
[11.919s] INFO:colcon.colcon_core.shell:Creating environment hook '/home/maikelborys/assignment_ws/src/robotics_software_engineer/install/module_3_assignment/share/module_3_assignment/hook/cmake_prefix_path.sh'
[11.919s] Level 1:colcon.colcon_core.environment:checking '/home/maikelborys/assignment_ws/src/robotics_software_engineer/install/module_3_assignment/lib'
[11.919s] Level 1:colcon.colcon_core.environment:checking '/home/maikelborys/assignment_ws/src/robotics_software_engineer/install/module_3_assignment/bin'
[11.919s] Level 1:colcon.colcon_core.environment:checking '/home/maikelborys/assignment_ws/src/robotics_software_engineer/install/module_3_assignment/lib/pkgconfig/module_3_assignment.pc'
[11.920s] Level 1:colcon.colcon_core.environment:checking '/home/maikelborys/assignment_ws/src/robotics_software_engineer/install/module_3_assignment/lib/python3.10/site-packages'
[11.920s] Level 1:colcon.colcon_core.environment:checking '/home/maikelborys/assignment_ws/src/robotics_software_engineer/install/module_3_assignment/bin'
[11.920s] INFO:colcon.colcon_core.shell:Creating package script '/home/maikelborys/assignment_ws/src/robotics_software_engineer/install/module_3_assignment/share/module_3_assignment/package.ps1'
[11.921s] INFO:colcon.colcon_core.shell:Creating package descriptor '/home/maikelborys/assignment_ws/src/robotics_software_engineer/install/module_3_assignment/share/module_3_assignment/package.dsv'
[11.922s] INFO:colcon.colcon_core.shell:Creating package script '/home/maikelborys/assignment_ws/src/robotics_software_engineer/install/module_3_assignment/share/module_3_assignment/package.sh'
[11.922s] INFO:colcon.colcon_core.shell:Creating package script '/home/maikelborys/assignment_ws/src/robotics_software_engineer/install/module_3_assignment/share/module_3_assignment/package.bash'
[11.922s] INFO:colcon.colcon_core.shell:Creating package script '/home/maikelborys/assignment_ws/src/robotics_software_engineer/install/module_3_assignment/share/module_3_assignment/package.zsh'
[11.923s] Level 1:colcon.colcon_core.environment:create_file_with_runtime_dependencies(/home/maikelborys/assignment_ws/src/robotics_software_engineer/install/module_3_assignment/share/colcon-core/packages/module_3_assignment)
[11.924s] Level 1:colcon.colcon_core.environment:create_environment_scripts_only(module_3_assignment)
[11.924s] Level 1:colcon.colcon_core.environment:checking '/home/maikelborys/assignment_ws/src/robotics_software_engineer/install/module_3_assignment' for CMake module files
[11.925s] Level 1:colcon.colcon_core.environment:checking '/home/maikelborys/assignment_ws/src/robotics_software_engineer/install/module_3_assignment' for CMake config files
[11.925s] Level 1:colcon.colcon_core.shell:create_environment_hook('module_3_assignment', 'cmake_prefix_path')
[11.925s] INFO:colcon.colcon_core.shell:Creating environment hook '/home/maikelborys/assignment_ws/src/robotics_software_engineer/install/module_3_assignment/share/module_3_assignment/hook/cmake_prefix_path.ps1'
[11.926s] INFO:colcon.colcon_core.shell:Creating environment descriptor '/home/maikelborys/assignment_ws/src/robotics_software_engineer/install/module_3_assignment/share/module_3_assignment/hook/cmake_prefix_path.dsv'
[11.927s] INFO:colcon.colcon_core.shell:Creating environment hook '/home/maikelborys/assignment_ws/src/robotics_software_engineer/install/module_3_assignment/share/module_3_assignment/hook/cmake_prefix_path.sh'
[11.927s] Level 1:colcon.colcon_core.environment:checking '/home/maikelborys/assignment_ws/src/robotics_software_engineer/install/module_3_assignment/lib'
[11.927s] Level 1:colcon.colcon_core.environment:checking '/home/maikelborys/assignment_ws/src/robotics_software_engineer/install/module_3_assignment/bin'
[11.927s] Level 1:colcon.colcon_core.environment:checking '/home/maikelborys/assignment_ws/src/robotics_software_engineer/install/module_3_assignment/lib/pkgconfig/module_3_assignment.pc'
[11.928s] Level 1:colcon.colcon_core.environment:checking '/home/maikelborys/assignment_ws/src/robotics_software_engineer/install/module_3_assignment/lib/python3.10/site-packages'
[11.928s] Level 1:colcon.colcon_core.environment:checking '/home/maikelborys/assignment_ws/src/robotics_software_engineer/install/module_3_assignment/bin'
[11.928s] INFO:colcon.colcon_core.shell:Creating package script '/home/maikelborys/assignment_ws/src/robotics_software_engineer/install/module_3_assignment/share/module_3_assignment/package.ps1'
[11.929s] INFO:colcon.colcon_core.shell:Creating package descriptor '/home/maikelborys/assignment_ws/src/robotics_software_engineer/install/module_3_assignment/share/module_3_assignment/package.dsv'
[11.930s] INFO:colcon.colcon_core.shell:Creating package script '/home/maikelborys/assignment_ws/src/robotics_software_engineer/install/module_3_assignment/share/module_3_assignment/package.sh'
[11.930s] INFO:colcon.colcon_core.shell:Creating package script '/home/maikelborys/assignment_ws/src/robotics_software_engineer/install/module_3_assignment/share/module_3_assignment/package.bash'
[11.931s] INFO:colcon.colcon_core.shell:Creating package script '/home/maikelborys/assignment_ws/src/robotics_software_engineer/install/module_3_assignment/share/module_3_assignment/package.zsh'
[11.932s] Level 1:colcon.colcon_core.environment:create_file_with_runtime_dependencies(/home/maikelborys/assignment_ws/src/robotics_software_engineer/install/module_3_assignment/share/colcon-core/packages/module_3_assignment)
[14.784s] DEBUG:colcon.colcon_core.event_handler.log_command:Invoked command in '/home/maikelborys/assignment_ws/src/robotics_software_engineer/build/module_4_assignment' returned '2': CMAKE_PREFIX_PATH=${CMAKE_PREFIX_PATH}:/opt/ros/humble /usr/bin/cmake --build /home/maikelborys/assignment_ws/src/robotics_software_engineer/build/module_4_assignment -- -j16 -l16
[14.803s] Level 1:colcon.colcon_core.environment:create_environment_scripts_only(module_4_assignment)
[14.803s] Level 1:colcon.colcon_core.environment:checking '/home/maikelborys/assignment_ws/src/robotics_software_engineer/install/module_4_assignment' for CMake module files
[14.823s] Level 1:colcon.colcon_core.environment:checking '/home/maikelborys/assignment_ws/src/robotics_software_engineer/install/module_4_assignment' for CMake config files
[14.842s] Level 1:colcon.colcon_core.environment:checking '/home/maikelborys/assignment_ws/src/robotics_software_engineer/install/module_4_assignment/bin'
[14.842s] Level 1:colcon.colcon_core.environment:checking '/home/maikelborys/assignment_ws/src/robotics_software_engineer/install/module_4_assignment/lib/pkgconfig/module_4_assignment.pc'
[14.842s] Level 1:colcon.colcon_core.environment:checking '/home/maikelborys/assignment_ws/src/robotics_software_engineer/install/module_4_assignment/lib/python3.10/site-packages'
[14.842s] Level 1:colcon.colcon_core.environment:checking '/home/maikelborys/assignment_ws/src/robotics_software_engineer/install/module_4_assignment/bin'
[14.843s] INFO:colcon.colcon_core.shell:Creating package script '/home/maikelborys/assignment_ws/src/robotics_software_engineer/install/module_4_assignment/share/module_4_assignment/package.ps1'
[14.844s] INFO:colcon.colcon_core.shell:Creating package descriptor '/home/maikelborys/assignment_ws/src/robotics_software_engineer/install/module_4_assignment/share/module_4_assignment/package.dsv'
[14.844s] INFO:colcon.colcon_core.shell:Creating package script '/home/maikelborys/assignment_ws/src/robotics_software_engineer/install/module_4_assignment/share/module_4_assignment/package.sh'
[14.845s] INFO:colcon.colcon_core.shell:Creating package script '/home/maikelborys/assignment_ws/src/robotics_software_engineer/install/module_4_assignment/share/module_4_assignment/package.bash'
[14.845s] INFO:colcon.colcon_core.shell:Creating package script '/home/maikelborys/assignment_ws/src/robotics_software_engineer/install/module_4_assignment/share/module_4_assignment/package.zsh'
[14.846s] Level 1:colcon.colcon_core.environment:create_file_with_runtime_dependencies(/home/maikelborys/assignment_ws/src/robotics_software_engineer/install/module_4_assignment/share/colcon-core/packages/module_4_assignment)
[14.857s] DEBUG:colcon.colcon_parallel_executor.executor.parallel:closing loop
[14.857s] DEBUG:colcon.colcon_parallel_executor.executor.parallel:loop closed
[14.857s] DEBUG:colcon.colcon_parallel_executor.executor.parallel:run_until_complete finished with '2'
[14.857s] DEBUG:colcon.colcon_core.event_reactor:joining thread
[14.941s] INFO:colcon.colcon_core.plugin_system:Skipping extension 'colcon_notification.desktop_notification.terminal_notifier': Not used on non-Darwin systems
[14.942s] INFO:colcon.colcon_core.plugin_system:Skipping extension 'colcon_notification.desktop_notification.win32': Not used on non-Windows systems
[14.942s] INFO:colcon.colcon_notification.desktop_notification:Sending desktop notification using 'notify2'
[15.007s] DEBUG:colcon.colcon_core.event_reactor:joined thread
[15.008s] INFO:colcon.colcon_core.shell:Creating prefix script '/home/maikelborys/assignment_ws/src/robotics_software_engineer/install/local_setup.ps1'
[15.018s] INFO:colcon.colcon_core.shell:Creating prefix util module '/home/maikelborys/assignment_ws/src/robotics_software_engineer/install/_local_setup_util_ps1.py'
[15.020s] INFO:colcon.colcon_core.shell:Creating prefix chain script '/home/maikelborys/assignment_ws/src/robotics_software_engineer/install/setup.ps1'
[15.022s] INFO:colcon.colcon_core.shell:Creating prefix script '/home/maikelborys/assignment_ws/src/robotics_software_engineer/install/local_setup.sh'
[15.023s] INFO:colcon.colcon_core.shell:Creating prefix util module '/home/maikelborys/assignment_ws/src/robotics_software_engineer/install/_local_setup_util_sh.py'
[15.024s] INFO:colcon.colcon_core.shell:Creating prefix chain script '/home/maikelborys/assignment_ws/src/robotics_software_engineer/install/setup.sh'
[15.025s] INFO:colcon.colcon_core.shell:Creating prefix script '/home/maikelborys/assignment_ws/src/robotics_software_engineer/install/local_setup.bash'
[15.026s] INFO:colcon.colcon_core.shell:Creating prefix chain script '/home/maikelborys/assignment_ws/src/robotics_software_engineer/install/setup.bash'
[15.028s] INFO:colcon.colcon_core.shell:Creating prefix script '/home/maikelborys/assignment_ws/src/robotics_software_engineer/install/local_setup.zsh'
[15.028s] INFO:colcon.colcon_core.shell:Creating prefix chain script '/home/maikelborys/assignment_ws/src/robotics_software_engineer/install/setup.zsh'
